store_id,date,hour,required_courier_hours_hour,shipments_hour
DXB-01,2026-08-02,8,1.6994699999999998,22.166999999999998
DXB-01,2026-08-02,9,2.8324499999999997,36.945
DXB-01,2026-08-02,10,4.5319199999999995,59.112
DXB-01,2026-08-02,11,5.098409999999999,66.50099999999999
DXB-01,2026-08-02,12,4.5319199999999995,59.112
DXB-01,2026-08-02,13,3.3989399999999996,44.333999999999996
DXB-01,2026-08-02,14,3.96543,51.723000000000006
DXB-01,2026-08-02,15,4.5319199999999995,59.112
DXB-01,2026-08-02,16,5.098409999999999,66.50099999999999
DXB-01,2026-08-02,17,5.098409999999999,66.50099999999999
DXB-01,2026-08-02,18,5.664899999999999,73.89
DXB-01,2026-08-02,19,5.098409999999999,66.50099999999999
DXB-01,2026-08-02,20,3.3989399999999996,44.333999999999996
DXB-01,2026-08-02,21,1.6994699999999998,22.166999999999998
DXB-02,2026-08-02,8,1.4800499999999999,19.305
DXB-02,2026-08-02,9,2.46675,32.175000000000004
DXB-02,2026-08-02,10,3.9468,51.480000000000004
DXB-02,2026-08-02,11,4.44015,57.915
DXB-02,2026-08-02,12,3.9468,51.480000000000004
DXB-02,2026-08-02,13,2.9600999999999997,38.61
DXB-02,2026-08-02,14,3.4534500000000006,45.045
DXB-02,2026-08-02,15,3.9468,51.480000000000004
DXB-02,2026-08-02,16,4.44015,57.915
DXB-02,2026-08-02,17,4.44015,57.915
DXB-02,2026-08-02,18,4.9335,64.35000000000001
DXB-02,2026-08-02,19,4.44015,57.915
DXB-02,2026-08-02,20,2.9600999999999997,38.61
DXB-02,2026-08-02,21,1.4800499999999999,19.305
DXB-03,2026-08-02,8,1.5635200000000002,14.658
DXB-03,2026-08-02,9,2.6058666666666674,24.430000000000003
DXB-03,2026-08-02,10,4.169386666666667,39.088
DXB-03,2026-08-02,11,4.6905600000000005,43.974000000000004
DXB-03,2026-08-02,12,4.169386666666667,39.088
DXB-03,2026-08-02,13,3.1270400000000005,29.316
DXB-03,2026-08-02,14,3.6482133333333344,34.202000000000005
DXB-03,2026-08-02,15,4.169386666666667,39.088
DXB-03,2026-08-02,16,4.6905600000000005,43.974000000000004
DXB-03,2026-08-02,17,4.6905600000000005,43.974000000000004
DXB-03,2026-08-02,18,5.211733333333335,48.86000000000001
DXB-03,2026-08-02,19,4.6905600000000005,43.974000000000004
DXB-03,2026-08-02,20,3.1270400000000005,29.316
DXB-03,2026-08-02,21,1.5635200000000002,14.658
DXB-04,2026-08-02,8,1.6357499999999998,10.905
DXB-04,2026-08-02,9,2.7262500000000003,18.175
DXB-04,2026-08-02,10,4.362,29.080000000000002
DXB-04,2026-08-02,11,4.9072499999999994,32.714999999999996
DXB-04,2026-08-02,12,4.362,29.080000000000002
DXB-04,2026-08-02,13,3.2714999999999996,21.81
DXB-04,2026-08-02,14,3.8167500000000003,25.445000000000004
DXB-04,2026-08-02,15,4.362,29.080000000000002
DXB-04,2026-08-02,16,4.9072499999999994,32.714999999999996
DXB-04,2026-08-02,17,4.9072499999999994,32.714999999999996
DXB-04,2026-08-02,18,5.452500000000001,36.35
DXB-04,2026-08-02,19,4.9072499999999994,32.714999999999996
DXB-04,2026-08-02,20,3.2714999999999996,21.81
DXB-04,2026-08-02,21,1.6357499999999998,10.905
AUH-01,2026-08-02,8,1.3155999999999999,17.16
AUH-01,2026-08-02,9,2.1926666666666668,28.6
AUH-01,2026-08-02,10,3.5082666666666666,45.76
AUH-01,2026-08-02,11,3.9467999999999996,51.48
AUH-01,2026-08-02,12,3.5082666666666666,45.76
AUH-01,2026-08-02,13,2.6311999999999998,34.32
AUH-01,2026-08-02,14,3.0697333333333336,40.040000000000006
AUH-01,2026-08-02,15,3.5082666666666666,45.76
AUH-01,2026-08-02,16,3.9467999999999996,51.48
AUH-01,2026-08-02,17,3.9467999999999996,51.48
AUH-01,2026-08-02,18,4.3853333333333335,57.2
AUH-01,2026-08-02,19,3.9467999999999996,51.48
AUH-01,2026-08-02,20,2.6311999999999998,34.32
AUH-01,2026-08-02,21,1.3155999999999999,17.16
AUH-02,2026-08-02,8,1.3347200000000004,12.513
AUH-02,2026-08-02,9,2.224533333333334,20.855000000000004
AUH-02,2026-08-02,10,3.5592533333333343,33.368
AUH-02,2026-08-02,11,4.004160000000001,37.539
AUH-02,2026-08-02,12,3.5592533333333343,33.368
AUH-02,2026-08-02,13,2.6694400000000007,25.026
AUH-02,2026-08-02,14,3.1143466666666675,29.197000000000003
AUH-02,2026-08-02,15,3.5592533333333343,33.368
AUH-02,2026-08-02,16,4.004160000000001,37.539
AUH-02,2026-08-02,17,4.004160000000001,37.539
AUH-02,2026-08-02,18,4.449066666666668,41.71000000000001
AUH-02,2026-08-02,19,4.004160000000001,37.539
AUH-02,2026-08-02,20,2.6694400000000007,25.026
AUH-02,2026-08-02,21,1.3347200000000004,12.513
AUH-03,2026-08-02,8,1.3941000000000001,9.294
AUH-03,2026-08-02,9,2.3235000000000006,15.490000000000002
AUH-03,2026-08-02,10,3.7176000000000005,24.784000000000002
AUH-03,2026-08-02,11,4.182300000000001,27.882
AUH-03,2026-08-02,12,3.7176000000000005,24.784000000000002
AUH-03,2026-08-02,13,2.7882000000000002,18.588
AUH-03,2026-08-02,14,3.252900000000001,21.686000000000003
AUH-03,2026-08-02,15,3.7176000000000005,24.784000000000002
AUH-03,2026-08-02,16,4.182300000000001,27.882
AUH-03,2026-08-02,17,4.182300000000001,27.882
AUH-03,2026-08-02,18,4.647000000000001,30.980000000000004
AUH-03,2026-08-02,19,4.182300000000001,27.882
AUH-03,2026-08-02,20,2.7882000000000002,18.588
AUH-03,2026-08-02,21,1.3941000000000001,9.294
SHJ-01,2026-08-02,8,1.48736,13.943999999999999
SHJ-01,2026-08-02,9,2.478933333333334,23.240000000000002
SHJ-01,2026-08-02,10,3.9662933333333337,37.184000000000005
SHJ-01,2026-08-02,11,4.46208,41.832
SHJ-01,2026-08-02,12,3.9662933333333337,37.184000000000005
SHJ-01,2026-08-02,13,2.97472,27.887999999999998
SHJ-01,2026-08-02,14,3.470506666666667,32.536
SHJ-01,2026-08-02,15,3.9662933333333337,37.184000000000005
SHJ-01,2026-08-02,16,4.46208,41.832
SHJ-01,2026-08-02,17,4.46208,41.832
SHJ-01,2026-08-02,18,4.957866666666668,46.480000000000004
SHJ-01,2026-08-02,19,4.46208,41.832
SHJ-01,2026-08-02,20,2.97472,27.887999999999998
SHJ-01,2026-08-02,21,1.48736,13.943999999999999
SHJ-02,2026-08-02,8,1.0725,10.725
SHJ-02,2026-08-02,9,1.7875,17.875
SHJ-02,2026-08-02,10,2.86,28.6
SHJ-02,2026-08-02,11,3.2175,32.175
SHJ-02,2026-08-02,12,2.86,28.6
SHJ-02,2026-08-02,13,2.145,21.45
SHJ-02,2026-08-02,14,2.5025000000000004,25.025000000000002
SHJ-02,2026-08-02,15,2.86,28.6
SHJ-02,2026-08-02,16,3.2175,32.175
SHJ-02,2026-08-02,17,3.2175,32.175
SHJ-02,2026-08-02,18,3.575,35.75
SHJ-02,2026-08-02,19,3.2175,32.175
SHJ-02,2026-08-02,20,2.145,21.45
SHJ-02,2026-08-02,21,1.0725,10.725
AAN-01,2026-08-02,8,0.6792,6.792
AAN-01,2026-08-02,9,1.1320000000000001,11.32
AAN-01,2026-08-02,10,1.8112000000000001,18.112000000000002
AAN-01,2026-08-02,11,2.0376,20.376
AAN-01,2026-08-02,12,1.8112000000000001,18.112000000000002
AAN-01,2026-08-02,13,1.3584,13.584
AAN-01,2026-08-02,14,1.5848000000000002,15.848000000000003
AAN-01,2026-08-02,15,1.8112000000000001,18.112000000000002
AAN-01,2026-08-02,16,2.0376,20.376
AAN-01,2026-08-02,17,2.0376,20.376
AAN-01,2026-08-02,18,2.2640000000000002,22.64
AAN-01,2026-08-02,19,2.0376,20.376
AAN-01,2026-08-02,20,1.3584,13.584
AAN-01,2026-08-02,21,0.6792,6.792
RAK-01,2026-08-02,8,0.6255000000000001,6.255
RAK-01,2026-08-02,9,1.0425000000000002,10.425
RAK-01,2026-08-02,10,1.6680000000000001,16.68
RAK-01,2026-08-02,11,1.8765,18.765
RAK-01,2026-08-02,12,1.6680000000000001,16.68
RAK-01,2026-08-02,13,1.2510000000000001,12.51
RAK-01,2026-08-02,14,1.4595000000000002,14.595
RAK-01,2026-08-02,15,1.6680000000000001,16.68
RAK-01,2026-08-02,16,1.8765,18.765
RAK-01,2026-08-02,17,1.8765,18.765
RAK-01,2026-08-02,18,2.0850000000000004,20.85
RAK-01,2026-08-02,19,1.8765,18.765
RAK-01,2026-08-02,20,1.2510000000000001,12.51
RAK-01,2026-08-02,21,0.6255000000000001,6.255
FUJ-01,2026-08-02,8,0.5721600000000001,5.364
FUJ-01,2026-08-02,9,0.9536000000000002,8.940000000000001
FUJ-01,2026-08-02,10,1.5257600000000002,14.304000000000002
FUJ-01,2026-08-02,11,1.7164800000000002,16.092
FUJ-01,2026-08-02,12,1.5257600000000002,14.304000000000002
FUJ-01,2026-08-02,13,1.1443200000000002,10.728
FUJ-01,2026-08-02,14,1.3350400000000002,12.516000000000002
FUJ-01,2026-08-02,15,1.5257600000000002,14.304000000000002
FUJ-01,2026-08-02,16,1.7164800000000002,16.092
FUJ-01,2026-08-02,17,1.7164800000000002,16.092
FUJ-01,2026-08-02,18,1.9072000000000005,17.880000000000003
FUJ-01,2026-08-02,19,1.7164800000000002,16.092
FUJ-01,2026-08-02,20,1.1443200000000002,10.728
FUJ-01,2026-08-02,21,0.5721600000000001,5.364
DXB-01,2026-08-03,8,1.7006199999999998,22.182
DXB-01,2026-08-03,9,2.8343666666666665,36.97
DXB-01,2026-08-03,10,4.534986666666667,59.152
DXB-01,2026-08-03,11,5.101859999999999,66.54599999999999
DXB-01,2026-08-03,12,4.534986666666667,59.152
DXB-01,2026-08-03,13,3.4012399999999996,44.364
DXB-01,2026-08-03,14,3.968113333333333,51.758
DXB-01,2026-08-03,15,4.534986666666667,59.152
DXB-01,2026-08-03,16,5.101859999999999,66.54599999999999
DXB-01,2026-08-03,17,5.101859999999999,66.54599999999999
DXB-01,2026-08-03,18,5.668733333333333,73.94
DXB-01,2026-08-03,19,5.101859999999999,66.54599999999999
DXB-01,2026-08-03,20,3.4012399999999996,44.364
DXB-01,2026-08-03,21,1.7006199999999998,22.182
DXB-02,2026-08-03,8,1.4811999999999999,19.32
DXB-02,2026-08-03,9,2.4686666666666666,32.2
DXB-02,2026-08-03,10,3.9498666666666664,51.52
DXB-02,2026-08-03,11,4.443599999999999,57.96
DXB-02,2026-08-03,12,3.9498666666666664,51.52
DXB-02,2026-08-03,13,2.9623999999999997,38.64
DXB-02,2026-08-03,14,3.4561333333333333,45.080000000000005
DXB-02,2026-08-03,15,3.9498666666666664,51.52
DXB-02,2026-08-03,16,4.443599999999999,57.96
DXB-02,2026-08-03,17,4.443599999999999,57.96
DXB-02,2026-08-03,18,4.937333333333333,64.4
DXB-02,2026-08-03,19,4.443599999999999,57.96
DXB-02,2026-08-03,20,2.9623999999999997,38.64
DXB-02,2026-08-03,21,1.4811999999999999,19.32
DXB-03,2026-08-03,8,1.5648,14.67
DXB-03,2026-08-03,9,2.6080000000000005,24.450000000000003
DXB-03,2026-08-03,10,4.1728000000000005,39.12
DXB-03,2026-08-03,11,4.6944,44.01
DXB-03,2026-08-03,12,4.1728000000000005,39.12
DXB-03,2026-08-03,13,3.1296,29.34
DXB-03,2026-08-03,14,3.6512000000000007,34.230000000000004
DXB-03,2026-08-03,15,4.1728000000000005,39.12
DXB-03,2026-08-03,16,4.6944,44.01
DXB-03,2026-08-03,17,4.6944,44.01
DXB-03,2026-08-03,18,5.216000000000001,48.900000000000006
DXB-03,2026-08-03,19,4.6944,44.01
DXB-03,2026-08-03,20,3.1296,29.34
DXB-03,2026-08-03,21,1.5648,14.67
DXB-04,2026-08-03,8,1.6366499999999997,10.911
DXB-04,2026-08-03,9,2.72775,18.185
DXB-04,2026-08-03,10,4.3644,29.096
DXB-04,2026-08-03,11,4.909949999999999,32.733
DXB-04,2026-08-03,12,4.3644,29.096
DXB-04,2026-08-03,13,3.2732999999999994,21.822
DXB-04,2026-08-03,14,3.81885,25.459000000000003
DXB-04,2026-08-03,15,4.3644,29.096
DXB-04,2026-08-03,16,4.909949999999999,32.733
DXB-04,2026-08-03,17,4.909949999999999,32.733
DXB-04,2026-08-03,18,5.4555,36.37
DXB-04,2026-08-03,19,4.909949999999999,32.733
DXB-04,2026-08-03,20,3.2732999999999994,21.822
DXB-04,2026-08-03,21,1.6366499999999997,10.911
AUH-01,2026-08-03,8,1.3165199999999997,17.171999999999997
AUH-01,2026-08-03,9,2.1942,28.62
AUH-01,2026-08-03,10,3.5107199999999996,45.792
AUH-01,2026-08-03,11,3.949559999999999,51.516
AUH-01,2026-08-03,12,3.5107199999999996,45.792
AUH-01,2026-08-03,13,2.6330399999999994,34.343999999999994
AUH-01,2026-08-03,14,3.0718799999999997,40.068000000000005
AUH-01,2026-08-03,15,3.5107199999999996,45.792
AUH-01,2026-08-03,16,3.949559999999999,51.516
AUH-01,2026-08-03,17,3.949559999999999,51.516
AUH-01,2026-08-03,18,4.3884,57.24
AUH-01,2026-08-03,19,3.949559999999999,51.516
AUH-01,2026-08-03,20,2.6330399999999994,34.343999999999994
AUH-01,2026-08-03,21,1.3165199999999997,17.171999999999997
AUH-02,2026-08-03,8,1.33568,12.521999999999998
AUH-02,2026-08-03,9,2.2261333333333333,20.87
AUH-02,2026-08-03,10,3.5618133333333333,33.391999999999996
AUH-02,2026-08-03,11,4.00704,37.565999999999995
AUH-02,2026-08-03,12,3.5618133333333333,33.391999999999996
AUH-02,2026-08-03,13,2.67136,25.043999999999997
AUH-02,2026-08-03,14,3.116586666666667,29.218
AUH-02,2026-08-03,15,3.5618133333333333,33.391999999999996
AUH-02,2026-08-03,16,4.00704,37.565999999999995
AUH-02,2026-08-03,17,4.00704,37.565999999999995
AUH-02,2026-08-03,18,4.452266666666667,41.74
AUH-02,2026-08-03,19,4.00704,37.565999999999995
AUH-02,2026-08-03,20,2.67136,25.043999999999997
AUH-02,2026-08-03,21,1.33568,12.521999999999998
AUH-03,2026-08-03,8,1.3954499999999999,9.303
AUH-03,2026-08-03,9,2.32575,15.505000000000003
AUH-03,2026-08-03,10,3.7212,24.808000000000003
AUH-03,2026-08-03,11,4.18635,27.909000000000002
AUH-03,2026-08-03,12,3.7212,24.808000000000003
AUH-03,2026-08-03,13,2.7908999999999997,18.606
AUH-03,2026-08-03,14,3.2560500000000006,21.707000000000004
AUH-03,2026-08-03,15,3.7212,24.808000000000003
AUH-03,2026-08-03,16,4.18635,27.909000000000002
AUH-03,2026-08-03,17,4.18635,27.909000000000002
AUH-03,2026-08-03,18,4.6515,31.010000000000005
AUH-03,2026-08-03,19,4.18635,27.909000000000002
AUH-03,2026-08-03,20,2.7908999999999997,18.606
AUH-03,2026-08-03,21,1.3954499999999999,9.303
SHJ-01,2026-08-03,8,1.48832,13.953
SHJ-01,2026-08-03,9,2.4805333333333337,23.255000000000003
SHJ-01,2026-08-03,10,3.968853333333334,37.208000000000006
SHJ-01,2026-08-03,11,4.4649600000000005,41.859
SHJ-01,2026-08-03,12,3.968853333333334,37.208000000000006
SHJ-01,2026-08-03,13,2.97664,27.906
SHJ-01,2026-08-03,14,3.4727466666666675,32.557
SHJ-01,2026-08-03,15,3.968853333333334,37.208000000000006
SHJ-01,2026-08-03,16,4.4649600000000005,41.859
SHJ-01,2026-08-03,17,4.4649600000000005,41.859
SHJ-01,2026-08-03,18,4.961066666666667,46.510000000000005
SHJ-01,2026-08-03,19,4.4649600000000005,41.859
SHJ-01,2026-08-03,20,2.97664,27.906
SHJ-01,2026-08-03,21,1.48832,13.953
SHJ-02,2026-08-03,8,1.0734,10.734
SHJ-02,2026-08-03,9,1.7890000000000001,17.89
SHJ-02,2026-08-03,10,2.8624,28.624000000000002
SHJ-02,2026-08-03,11,3.2202,32.202
SHJ-02,2026-08-03,12,2.8624,28.624000000000002
SHJ-02,2026-08-03,13,2.1468,21.468
SHJ-02,2026-08-03,14,2.5046000000000004,25.046000000000003
SHJ-02,2026-08-03,15,2.8624,28.624000000000002
SHJ-02,2026-08-03,16,3.2202,32.202
SHJ-02,2026-08-03,17,3.2202,32.202
SHJ-02,2026-08-03,18,3.5780000000000003,35.78
SHJ-02,2026-08-03,19,3.2202,32.202
SHJ-02,2026-08-03,20,2.1468,21.468
SHJ-02,2026-08-03,21,1.0734,10.734
AAN-01,2026-08-03,8,0.6798,6.797999999999999
AAN-01,2026-08-03,9,1.133,11.33
AAN-01,2026-08-03,10,1.8128,18.128
AAN-01,2026-08-03,11,2.0394,20.394
AAN-01,2026-08-03,12,1.8128,18.128
AAN-01,2026-08-03,13,1.3596,13.595999999999998
AAN-01,2026-08-03,14,1.5862,15.862000000000002
AAN-01,2026-08-03,15,1.8128,18.128
AAN-01,2026-08-03,16,2.0394,20.394
AAN-01,2026-08-03,17,2.0394,20.394
AAN-01,2026-08-03,18,2.266,22.66
AAN-01,2026-08-03,19,2.0394,20.394
AAN-01,2026-08-03,20,1.3596,13.595999999999998
AAN-01,2026-08-03,21,0.6798,6.797999999999999
RAK-01,2026-08-03,8,0.6260999999999999,6.260999999999999
RAK-01,2026-08-03,9,1.0434999999999999,10.435
RAK-01,2026-08-03,10,1.6695999999999998,16.695999999999998
RAK-01,2026-08-03,11,1.8782999999999996,18.782999999999998
RAK-01,2026-08-03,12,1.6695999999999998,16.695999999999998
RAK-01,2026-08-03,13,1.2521999999999998,12.521999999999998
RAK-01,2026-08-03,14,1.4608999999999999,14.609
RAK-01,2026-08-03,15,1.6695999999999998,16.695999999999998
RAK-01,2026-08-03,16,1.8782999999999996,18.782999999999998
RAK-01,2026-08-03,17,1.8782999999999996,18.782999999999998
RAK-01,2026-08-03,18,2.0869999999999997,20.87
RAK-01,2026-08-03,19,1.8782999999999996,18.782999999999998
RAK-01,2026-08-03,20,1.2521999999999998,12.521999999999998
RAK-01,2026-08-03,21,0.6260999999999999,6.260999999999999
FUJ-01,2026-08-03,8,0.57248,5.367
FUJ-01,2026-08-03,9,0.9541333333333335,8.945
FUJ-01,2026-08-03,10,1.5266133333333336,14.312000000000001
FUJ-01,2026-08-03,11,1.71744,16.101
FUJ-01,2026-08-03,12,1.5266133333333336,14.312000000000001
FUJ-01,2026-08-03,13,1.14496,10.734
FUJ-01,2026-08-03,14,1.335786666666667,12.523000000000001
FUJ-01,2026-08-03,15,1.5266133333333336,14.312000000000001
FUJ-01,2026-08-03,16,1.71744,16.101
FUJ-01,2026-08-03,17,1.71744,16.101
FUJ-01,2026-08-03,18,1.908266666666667,17.89
FUJ-01,2026-08-03,19,1.71744,16.101
FUJ-01,2026-08-03,20,1.14496,10.734
FUJ-01,2026-08-03,21,0.57248,5.367
DXB-01,2026-08-04,8,1.7019999999999997,22.2
DXB-01,2026-08-04,9,2.8366666666666664,37.0
DXB-01,2026-08-04,10,4.538666666666666,59.2
DXB-01,2026-08-04,11,5.105999999999999,66.6
DXB-01,2026-08-04,12,4.538666666666666,59.2
DXB-01,2026-08-04,13,3.4039999999999995,44.4
DXB-01,2026-08-04,14,3.9713333333333334,51.800000000000004
DXB-01,2026-08-04,15,4.538666666666666,59.2
DXB-01,2026-08-04,16,5.105999999999999,66.6
DXB-01,2026-08-04,17,5.105999999999999,66.6
DXB-01,2026-08-04,18,5.673333333333333,74.0
DXB-01,2026-08-04,19,5.105999999999999,66.6
DXB-01,2026-08-04,20,3.4039999999999995,44.4
DXB-01,2026-08-04,21,1.7019999999999997,22.2
DXB-02,2026-08-04,8,1.4823499999999998,19.335
DXB-02,2026-08-04,9,2.4705833333333334,32.225
DXB-02,2026-08-04,10,3.952933333333333,51.56
DXB-02,2026-08-04,11,4.447049999999999,58.004999999999995
DXB-02,2026-08-04,12,3.952933333333333,51.56
DXB-02,2026-08-04,13,2.9646999999999997,38.67
DXB-02,2026-08-04,14,3.458816666666667,45.115
DXB-02,2026-08-04,15,3.952933333333333,51.56
DXB-02,2026-08-04,16,4.447049999999999,58.004999999999995
DXB-02,2026-08-04,17,4.447049999999999,58.004999999999995
DXB-02,2026-08-04,18,4.941166666666667,64.45
DXB-02,2026-08-04,19,4.447049999999999,58.004999999999995
DXB-02,2026-08-04,20,2.9646999999999997,38.67
DXB-02,2026-08-04,21,1.4823499999999998,19.335
DXB-03,2026-08-04,8,1.5657600000000003,14.679
DXB-03,2026-08-04,9,2.6096000000000004,24.465000000000003
DXB-03,2026-08-04,10,4.17536,39.144
DXB-03,2026-08-04,11,4.69728,44.037
DXB-03,2026-08-04,12,4.17536,39.144
DXB-03,2026-08-04,13,3.1315200000000005,29.358
DXB-03,2026-08-04,14,3.6534400000000007,34.251000000000005
DXB-03,2026-08-04,15,4.17536,39.144
DXB-03,2026-08-04,16,4.69728,44.037
DXB-03,2026-08-04,17,4.69728,44.037
DXB-03,2026-08-04,18,5.219200000000001,48.93000000000001
DXB-03,2026-08-04,19,4.69728,44.037
DXB-03,2026-08-04,20,3.1315200000000005,29.358
DXB-03,2026-08-04,21,1.5657600000000003,14.679
DXB-04,2026-08-04,8,1.638,10.92
DXB-04,2026-08-04,9,2.7300000000000004,18.2
DXB-04,2026-08-04,10,4.368,29.12
DXB-04,2026-08-04,11,4.914,32.76
DXB-04,2026-08-04,12,4.368,29.12
DXB-04,2026-08-04,13,3.276,21.84
DXB-04,2026-08-04,14,3.8220000000000005,25.480000000000004
DXB-04,2026-08-04,15,4.368,29.12
DXB-04,2026-08-04,16,4.914,32.76
DXB-04,2026-08-04,17,4.914,32.76
DXB-04,2026-08-04,18,5.460000000000001,36.4
DXB-04,2026-08-04,19,4.914,32.76
DXB-04,2026-08-04,20,3.276,21.84
DXB-04,2026-08-04,21,1.638,10.92
AUH-01,2026-08-04,8,1.3176699999999997,17.186999999999998
AUH-01,2026-08-04,9,2.1961166666666663,28.645
AUH-01,2026-08-04,10,3.5137866666666664,45.832
AUH-01,2026-08-04,11,3.9530099999999995,51.56099999999999
AUH-01,2026-08-04,12,3.5137866666666664,45.832
AUH-01,2026-08-04,13,2.6353399999999993,34.373999999999995
AUH-01,2026-08-04,14,3.0745633333333333,40.103
AUH-01,2026-08-04,15,3.5137866666666664,45.832
AUH-01,2026-08-04,16,3.9530099999999995,51.56099999999999
AUH-01,2026-08-04,17,3.9530099999999995,51.56099999999999
AUH-01,2026-08-04,18,4.3922333333333325,57.29
AUH-01,2026-08-04,19,3.9530099999999995,51.56099999999999
AUH-01,2026-08-04,20,2.6353399999999993,34.373999999999995
AUH-01,2026-08-04,21,1.3176699999999997,17.186999999999998
AUH-02,2026-08-04,8,1.33664,12.530999999999999
AUH-02,2026-08-04,9,2.2277333333333336,20.885
AUH-02,2026-08-04,10,3.5643733333333336,33.416
AUH-02,2026-08-04,11,4.00992,37.592999999999996
AUH-02,2026-08-04,12,3.5643733333333336,33.416
AUH-02,2026-08-04,13,2.67328,25.061999999999998
AUH-02,2026-08-04,14,3.118826666666667,29.239
AUH-02,2026-08-04,15,3.5643733333333336,33.416
AUH-02,2026-08-04,16,4.00992,37.592999999999996
AUH-02,2026-08-04,17,4.00992,37.592999999999996
AUH-02,2026-08-04,18,4.455466666666667,41.77
AUH-02,2026-08-04,19,4.00992,37.592999999999996
AUH-02,2026-08-04,20,2.67328,25.061999999999998
AUH-02,2026-08-04,21,1.33664,12.530999999999999
AUH-03,2026-08-04,8,1.39635,9.309
AUH-03,2026-08-04,9,2.3272500000000003,15.515
AUH-03,2026-08-04,10,3.7236000000000002,24.824
AUH-03,2026-08-04,11,4.18905,27.927
AUH-03,2026-08-04,12,3.7236000000000002,24.824
AUH-03,2026-08-04,13,2.7927,18.618
AUH-03,2026-08-04,14,3.2581500000000005,21.721000000000004
AUH-03,2026-08-04,15,3.7236000000000002,24.824
AUH-03,2026-08-04,16,4.18905,27.927
AUH-03,2026-08-04,17,4.18905,27.927
AUH-03,2026-08-04,18,4.6545000000000005,31.03
AUH-03,2026-08-04,19,4.18905,27.927
AUH-03,2026-08-04,20,2.7927,18.618
AUH-03,2026-08-04,21,1.39635,9.309
SHJ-01,2026-08-04,8,1.4896,13.965
SHJ-01,2026-08-04,9,2.482666666666667,23.275000000000002
SHJ-01,2026-08-04,10,3.972266666666667,37.24
SHJ-01,2026-08-04,11,4.4688,41.894999999999996
SHJ-01,2026-08-04,12,3.972266666666667,37.24
SHJ-01,2026-08-04,13,2.9792,27.93
SHJ-01,2026-08-04,14,3.475733333333334,32.585
SHJ-01,2026-08-04,15,3.972266666666667,37.24
SHJ-01,2026-08-04,16,4.4688,41.894999999999996
SHJ-01,2026-08-04,17,4.4688,41.894999999999996
SHJ-01,2026-08-04,18,4.965333333333334,46.550000000000004
SHJ-01,2026-08-04,19,4.4688,41.894999999999996
SHJ-01,2026-08-04,20,2.9792,27.93
SHJ-01,2026-08-04,21,1.4896,13.965
SHJ-02,2026-08-04,8,1.0743000000000003,10.743
SHJ-02,2026-08-04,9,1.7905000000000006,17.905
SHJ-02,2026-08-04,10,2.8648000000000007,28.648000000000003
SHJ-02,2026-08-04,11,3.2229000000000005,32.229
SHJ-02,2026-08-04,12,2.8648000000000007,28.648000000000003
SHJ-02,2026-08-04,13,2.1486000000000005,21.486
SHJ-02,2026-08-04,14,2.506700000000001,25.067000000000004
SHJ-02,2026-08-04,15,2.8648000000000007,28.648000000000003
SHJ-02,2026-08-04,16,3.2229000000000005,32.229
SHJ-02,2026-08-04,17,3.2229000000000005,32.229
SHJ-02,2026-08-04,18,3.5810000000000013,35.81
SHJ-02,2026-08-04,19,3.2229000000000005,32.229
SHJ-02,2026-08-04,20,2.1486000000000005,21.486
SHJ-02,2026-08-04,21,1.0743000000000003,10.743
AAN-01,2026-08-04,8,0.6804000000000001,6.804
AAN-01,2026-08-04,9,1.1340000000000001,11.340000000000002
AAN-01,2026-08-04,10,1.8144000000000002,18.144000000000002
AAN-01,2026-08-04,11,2.0412000000000003,20.412
AAN-01,2026-08-04,12,1.8144000000000002,18.144000000000002
AAN-01,2026-08-04,13,1.3608000000000002,13.608
AAN-01,2026-08-04,14,1.5876000000000003,15.876000000000003
AAN-01,2026-08-04,15,1.8144000000000002,18.144000000000002
AAN-01,2026-08-04,16,2.0412000000000003,20.412
AAN-01,2026-08-04,17,2.0412000000000003,20.412
AAN-01,2026-08-04,18,2.2680000000000002,22.680000000000003
AAN-01,2026-08-04,19,2.0412000000000003,20.412
AAN-01,2026-08-04,20,1.3608000000000002,13.608
AAN-01,2026-08-04,21,0.6804000000000001,6.804
RAK-01,2026-08-04,8,0.6267,6.267
RAK-01,2026-08-04,9,1.0445,10.445
RAK-01,2026-08-04,10,1.6712,16.712
RAK-01,2026-08-04,11,1.8800999999999999,18.801
RAK-01,2026-08-04,12,1.6712,16.712
RAK-01,2026-08-04,13,1.2534,12.534
RAK-01,2026-08-04,14,1.4623000000000002,14.623000000000001
RAK-01,2026-08-04,15,1.6712,16.712
RAK-01,2026-08-04,16,1.8800999999999999,18.801
RAK-01,2026-08-04,17,1.8800999999999999,18.801
RAK-01,2026-08-04,18,2.089,20.89
RAK-01,2026-08-04,19,1.8800999999999999,18.801
RAK-01,2026-08-04,20,1.2534,12.534
RAK-01,2026-08-04,21,0.6267,6.267
FUJ-01,2026-08-04,8,0.5728000000000001,5.37
FUJ-01,2026-08-04,9,0.9546666666666669,8.950000000000001
FUJ-01,2026-08-04,10,1.527466666666667,14.32
FUJ-01,2026-08-04,11,1.7184000000000004,16.11
FUJ-01,2026-08-04,12,1.527466666666667,14.32
FUJ-01,2026-08-04,13,1.1456000000000002,10.74
FUJ-01,2026-08-04,14,1.3365333333333338,12.530000000000001
FUJ-01,2026-08-04,15,1.527466666666667,14.32
FUJ-01,2026-08-04,16,1.7184000000000004,16.11
FUJ-01,2026-08-04,17,1.7184000000000004,16.11
FUJ-01,2026-08-04,18,1.9093333333333338,17.900000000000002
FUJ-01,2026-08-04,19,1.7184000000000004,16.11
FUJ-01,2026-08-04,20,1.1456000000000002,10.74
FUJ-01,2026-08-04,21,0.5728000000000001,5.37
DXB-01,2026-08-05,8,1.7031499999999997,22.215
DXB-01,2026-08-05,9,2.8385833333333332,37.025
DXB-01,2026-08-05,10,4.541733333333333,59.24
DXB-01,2026-08-05,11,5.109449999999999,66.645
DXB-01,2026-08-05,12,4.541733333333333,59.24
DXB-01,2026-08-05,13,3.4062999999999994,44.43
DXB-01,2026-08-05,14,3.9740166666666665,51.83500000000001
DXB-01,2026-08-05,15,4.541733333333333,59.24
DXB-01,2026-08-05,16,5.109449999999999,66.645
DXB-01,2026-08-05,17,5.109449999999999,66.645
DXB-01,2026-08-05,18,5.6771666666666665,74.05
DXB-01,2026-08-05,19,5.109449999999999,66.645
DXB-01,2026-08-05,20,3.4062999999999994,44.43
DXB-01,2026-08-05,21,1.7031499999999997,22.215
DXB-02,2026-08-05,8,1.4834999999999998,19.349999999999998
DXB-02,2026-08-05,9,2.4725,32.25
DXB-02,2026-08-05,10,3.956,51.6
DXB-02,2026-08-05,11,4.450499999999999,58.05
DXB-02,2026-08-05,12,3.956,51.6
DXB-02,2026-08-05,13,2.9669999999999996,38.699999999999996
DXB-02,2026-08-05,14,3.4615,45.150000000000006
DXB-02,2026-08-05,15,3.956,51.6
DXB-02,2026-08-05,16,4.450499999999999,58.05
DXB-02,2026-08-05,17,4.450499999999999,58.05
DXB-02,2026-08-05,18,4.945,64.5
DXB-02,2026-08-05,19,4.450499999999999,58.05
DXB-02,2026-08-05,20,2.9669999999999996,38.699999999999996
DXB-02,2026-08-05,21,1.4834999999999998,19.349999999999998
DXB-03,2026-08-05,8,1.5670399999999998,14.690999999999999
DXB-03,2026-08-05,9,2.6117333333333335,24.485
DXB-03,2026-08-05,10,4.178773333333333,39.176
DXB-03,2026-08-05,11,4.7011199999999995,44.073
DXB-03,2026-08-05,12,4.178773333333333,39.176
DXB-03,2026-08-05,13,3.1340799999999995,29.381999999999998
DXB-03,2026-08-05,14,3.6564266666666665,34.279
DXB-03,2026-08-05,15,4.178773333333333,39.176
DXB-03,2026-08-05,16,4.7011199999999995,44.073
DXB-03,2026-08-05,17,4.7011199999999995,44.073
DXB-03,2026-08-05,18,5.223466666666667,48.97
DXB-03,2026-08-05,19,4.7011199999999995,44.073
DXB-03,2026-08-05,20,3.1340799999999995,29.381999999999998
DXB-03,2026-08-05,21,1.5670399999999998,14.690999999999999
DXB-04,2026-08-05,8,1.63935,10.929
DXB-04,2026-08-05,9,2.7322500000000005,18.215
DXB-04,2026-08-05,10,4.3716,29.144000000000002
DXB-04,2026-08-05,11,4.91805,32.787
DXB-04,2026-08-05,12,4.3716,29.144000000000002
DXB-04,2026-08-05,13,3.2787,21.858
DXB-04,2026-08-05,14,3.8251500000000007,25.501000000000005
DXB-04,2026-08-05,15,4.3716,29.144000000000002
DXB-04,2026-08-05,16,4.91805,32.787
DXB-04,2026-08-05,17,4.91805,32.787
DXB-04,2026-08-05,18,5.464500000000001,36.43
DXB-04,2026-08-05,19,4.91805,32.787
DXB-04,2026-08-05,20,3.2787,21.858
DXB-04,2026-08-05,21,1.63935,10.929
AUH-01,2026-08-05,8,1.3185899999999997,17.198999999999998
AUH-01,2026-08-05,9,2.1976499999999994,28.665
AUH-01,2026-08-05,10,3.5162399999999994,45.864
AUH-01,2026-08-05,11,3.955769999999999,51.596999999999994
AUH-01,2026-08-05,12,3.5162399999999994,45.864
AUH-01,2026-08-05,13,2.6371799999999994,34.397999999999996
AUH-01,2026-08-05,14,3.0767099999999994,40.131
AUH-01,2026-08-05,15,3.5162399999999994,45.864
AUH-01,2026-08-05,16,3.955769999999999,51.596999999999994
AUH-01,2026-08-05,17,3.955769999999999,51.596999999999994
AUH-01,2026-08-05,18,4.395299999999999,57.33
AUH-01,2026-08-05,19,3.955769999999999,51.596999999999994
AUH-01,2026-08-05,20,2.6371799999999994,34.397999999999996
AUH-01,2026-08-05,21,1.3185899999999997,17.198999999999998
AUH-02,2026-08-05,8,1.3376000000000001,12.54
AUH-02,2026-08-05,9,2.229333333333334,20.900000000000002
AUH-02,2026-08-05,10,3.566933333333334,33.44
AUH-02,2026-08-05,11,4.0128,37.62
AUH-02,2026-08-05,12,3.566933333333334,33.44
AUH-02,2026-08-05,13,2.6752000000000002,25.08
AUH-02,2026-08-05,14,3.1210666666666675,29.26
AUH-02,2026-08-05,15,3.566933333333334,33.44
AUH-02,2026-08-05,16,4.0128,37.62
AUH-02,2026-08-05,17,4.0128,37.62
AUH-02,2026-08-05,18,4.458666666666668,41.800000000000004
AUH-02,2026-08-05,19,4.0128,37.62
AUH-02,2026-08-05,20,2.6752000000000002,25.08
AUH-02,2026-08-05,21,1.3376000000000001,12.54
AUH-03,2026-08-05,8,1.39725,9.315
AUH-03,2026-08-05,9,2.3287500000000003,15.525
AUH-03,2026-08-05,10,3.7260000000000004,24.84
AUH-03,2026-08-05,11,4.19175,27.945
AUH-03,2026-08-05,12,3.7260000000000004,24.84
AUH-03,2026-08-05,13,2.7945,18.63
AUH-03,2026-08-05,14,3.2602500000000005,21.735000000000003
AUH-03,2026-08-05,15,3.7260000000000004,24.84
AUH-03,2026-08-05,16,4.19175,27.945
AUH-03,2026-08-05,17,4.19175,27.945
AUH-03,2026-08-05,18,4.657500000000001,31.05
AUH-03,2026-08-05,19,4.19175,27.945
AUH-03,2026-08-05,20,2.7945,18.63
AUH-03,2026-08-05,21,1.39725,9.315
SHJ-01,2026-08-05,8,1.49056,13.974
SHJ-01,2026-08-05,9,2.484266666666667,23.290000000000003
SHJ-01,2026-08-05,10,3.9748266666666674,37.264
SHJ-01,2026-08-05,11,4.47168,41.922
SHJ-01,2026-08-05,12,3.9748266666666674,37.264
SHJ-01,2026-08-05,13,2.98112,27.948
SHJ-01,2026-08-05,14,3.4779733333333342,32.606
SHJ-01,2026-08-05,15,3.9748266666666674,37.264
SHJ-01,2026-08-05,16,4.47168,41.922
SHJ-01,2026-08-05,17,4.47168,41.922
SHJ-01,2026-08-05,18,4.968533333333334,46.580000000000005
SHJ-01,2026-08-05,19,4.47168,41.922
SHJ-01,2026-08-05,20,2.98112,27.948
SHJ-01,2026-08-05,21,1.49056,13.974
SHJ-02,2026-08-05,8,1.0749000000000002,10.749
SHJ-02,2026-08-05,9,1.7915000000000003,17.915000000000003
SHJ-02,2026-08-05,10,2.8664000000000005,28.664
SHJ-02,2026-08-05,11,3.2247000000000003,32.247
SHJ-02,2026-08-05,12,2.8664000000000005,28.664
SHJ-02,2026-08-05,13,2.1498000000000004,21.498
SHJ-02,2026-08-05,14,2.5081000000000007,25.081000000000003
SHJ-02,2026-08-05,15,2.8664000000000005,28.664
SHJ-02,2026-08-05,16,3.2247000000000003,32.247
SHJ-02,2026-08-05,17,3.2247000000000003,32.247
SHJ-02,2026-08-05,18,3.5830000000000006,35.830000000000005
SHJ-02,2026-08-05,19,3.2247000000000003,32.247
SHJ-02,2026-08-05,20,2.1498000000000004,21.498
SHJ-02,2026-08-05,21,1.0749000000000002,10.749
AAN-01,2026-08-05,8,0.6807,6.8069999999999995
AAN-01,2026-08-05,9,1.1345,11.345
AAN-01,2026-08-05,10,1.8152000000000001,18.152
AAN-01,2026-08-05,11,2.0421,20.421
AAN-01,2026-08-05,12,1.8152000000000001,18.152
AAN-01,2026-08-05,13,1.3614,13.613999999999999
AAN-01,2026-08-05,14,1.5883000000000003,15.883000000000003
AAN-01,2026-08-05,15,1.8152000000000001,18.152
AAN-01,2026-08-05,16,2.0421,20.421
AAN-01,2026-08-05,17,2.0421,20.421
AAN-01,2026-08-05,18,2.269,22.69
AAN-01,2026-08-05,19,2.0421,20.421
AAN-01,2026-08-05,20,1.3614,13.613999999999999
AAN-01,2026-08-05,21,0.6807,6.8069999999999995
RAK-01,2026-08-05,8,0.6269999999999999,6.27
RAK-01,2026-08-05,9,1.045,10.450000000000001
RAK-01,2026-08-05,10,1.672,16.72
RAK-01,2026-08-05,11,1.8809999999999998,18.81
RAK-01,2026-08-05,12,1.672,16.72
RAK-01,2026-08-05,13,1.2539999999999998,12.54
RAK-01,2026-08-05,14,1.463,14.63
RAK-01,2026-08-05,15,1.672,16.72
RAK-01,2026-08-05,16,1.8809999999999998,18.81
RAK-01,2026-08-05,17,1.8809999999999998,18.81
RAK-01,2026-08-05,18,2.09,20.900000000000002
RAK-01,2026-08-05,19,1.8809999999999998,18.81
RAK-01,2026-08-05,20,1.2539999999999998,12.54
RAK-01,2026-08-05,21,0.6269999999999999,6.27
FUJ-01,2026-08-05,8,0.57344,5.3759999999999994
FUJ-01,2026-08-05,9,0.9557333333333333,8.959999999999999
FUJ-01,2026-08-05,10,1.5291733333333333,14.335999999999999
FUJ-01,2026-08-05,11,1.7203199999999998,16.128
FUJ-01,2026-08-05,12,1.5291733333333333,14.335999999999999
FUJ-01,2026-08-05,13,1.14688,10.751999999999999
FUJ-01,2026-08-05,14,1.3380266666666667,12.544
FUJ-01,2026-08-05,15,1.5291733333333333,14.335999999999999
FUJ-01,2026-08-05,16,1.7203199999999998,16.128
FUJ-01,2026-08-05,17,1.7203199999999998,16.128
FUJ-01,2026-08-05,18,1.9114666666666666,17.919999999999998
FUJ-01,2026-08-05,19,1.7203199999999998,16.128
FUJ-01,2026-08-05,20,1.14688,10.751999999999999
FUJ-01,2026-08-05,21,0.57344,5.3759999999999994
DXB-01,2026-08-06,8,1.7045299999999999,22.233
DXB-01,2026-08-06,9,2.8408833333333336,37.055
DXB-01,2026-08-06,10,4.545413333333333,59.288000000000004
DXB-01,2026-08-06,11,5.11359,66.699
DXB-01,2026-08-06,12,4.545413333333333,59.288000000000004
DXB-01,2026-08-06,13,3.4090599999999998,44.466
DXB-01,2026-08-06,14,3.977236666666667,51.87700000000001
DXB-01,2026-08-06,15,4.545413333333333,59.288000000000004
DXB-01,2026-08-06,16,5.11359,66.699
DXB-01,2026-08-06,17,5.11359,66.699
DXB-01,2026-08-06,18,5.681766666666667,74.11
DXB-01,2026-08-06,19,5.11359,66.699
DXB-01,2026-08-06,20,3.4090599999999998,44.466
DXB-01,2026-08-06,21,1.7045299999999999,22.233
DXB-02,2026-08-06,8,1.4846499999999998,19.365
DXB-02,2026-08-06,9,2.4744166666666665,32.275
DXB-02,2026-08-06,10,3.9590666666666663,51.64
DXB-02,2026-08-06,11,4.45395,58.095
DXB-02,2026-08-06,12,3.9590666666666663,51.64
DXB-02,2026-08-06,13,2.9692999999999996,38.73
DXB-02,2026-08-06,14,3.4641833333333336,45.185
DXB-02,2026-08-06,15,3.9590666666666663,51.64
DXB-02,2026-08-06,16,4.45395,58.095
DXB-02,2026-08-06,17,4.45395,58.095
DXB-02,2026-08-06,18,4.948833333333333,64.55
DXB-02,2026-08-06,19,4.45395,58.095
DXB-02,2026-08-06,20,2.9692999999999996,38.73
DXB-02,2026-08-06,21,1.4846499999999998,19.365
DXB-03,2026-08-06,8,1.5683200000000002,14.703
DXB-03,2026-08-06,9,2.613866666666667,24.505000000000003
DXB-03,2026-08-06,10,4.182186666666667,39.208000000000006
DXB-03,2026-08-06,11,4.704960000000001,44.109
DXB-03,2026-08-06,12,4.182186666666667,39.208000000000006
DXB-03,2026-08-06,13,3.1366400000000003,29.406
DXB-03,2026-08-06,14,3.659413333333334,34.307
DXB-03,2026-08-06,15,4.182186666666667,39.208000000000006
DXB-03,2026-08-06,16,4.704960000000001,44.109
DXB-03,2026-08-06,17,4.704960000000001,44.109
DXB-03,2026-08-06,18,5.227733333333334,49.010000000000005
DXB-03,2026-08-06,19,4.704960000000001,44.109
DXB-03,2026-08-06,20,3.1366400000000003,29.406
DXB-03,2026-08-06,21,1.5683200000000002,14.703
DXB-04,2026-08-06,8,1.6407,10.938
DXB-04,2026-08-06,9,2.7345000000000006,18.23
DXB-04,2026-08-06,10,4.3752,29.168000000000003
DXB-04,2026-08-06,11,4.9221,32.814
DXB-04,2026-08-06,12,4.3752,29.168000000000003
DXB-04,2026-08-06,13,3.2814,21.876
DXB-04,2026-08-06,14,3.828300000000001,25.522000000000006
DXB-04,2026-08-06,15,4.3752,29.168000000000003
DXB-04,2026-08-06,16,4.9221,32.814
DXB-04,2026-08-06,17,4.9221,32.814
DXB-04,2026-08-06,18,5.469000000000001,36.46
DXB-04,2026-08-06,19,4.9221,32.814
DXB-04,2026-08-06,20,3.2814,21.876
DXB-04,2026-08-06,21,1.6407,10.938
AUH-01,2026-08-06,8,1.31951,17.211000000000002
AUH-01,2026-08-06,9,2.1991833333333335,28.685000000000002
AUH-01,2026-08-06,10,3.5186933333333332,45.89600000000001
AUH-01,2026-08-06,11,3.9585299999999997,51.633
AUH-01,2026-08-06,12,3.5186933333333332,45.89600000000001
AUH-01,2026-08-06,13,2.63902,34.422000000000004
AUH-01,2026-08-06,14,3.078856666666667,40.159000000000006
AUH-01,2026-08-06,15,3.5186933333333332,45.89600000000001
AUH-01,2026-08-06,16,3.9585299999999997,51.633
AUH-01,2026-08-06,17,3.9585299999999997,51.633
AUH-01,2026-08-06,18,4.398366666666667,57.370000000000005
AUH-01,2026-08-06,19,3.9585299999999997,51.633
AUH-01,2026-08-06,20,2.63902,34.422000000000004
AUH-01,2026-08-06,21,1.31951,17.211000000000002
AUH-02,2026-08-06,8,1.33888,12.552
AUH-02,2026-08-06,9,2.231466666666667,20.92
AUH-02,2026-08-06,10,3.570346666666667,33.472
AUH-02,2026-08-06,11,4.01664,37.656
AUH-02,2026-08-06,12,3.570346666666667,33.472
AUH-02,2026-08-06,13,2.67776,25.104
AUH-02,2026-08-06,14,3.124053333333334,29.288
AUH-02,2026-08-06,15,3.570346666666667,33.472
AUH-02,2026-08-06,16,4.01664,37.656
AUH-02,2026-08-06,17,4.01664,37.656
AUH-02,2026-08-06,18,4.462933333333334,41.84
AUH-02,2026-08-06,19,4.01664,37.656
AUH-02,2026-08-06,20,2.67776,25.104
AUH-02,2026-08-06,21,1.33888,12.552
AUH-03,2026-08-06,8,1.3986,9.324
AUH-03,2026-08-06,9,2.3310000000000004,15.540000000000001
AUH-03,2026-08-06,10,3.7296000000000005,24.864
AUH-03,2026-08-06,11,4.1958,27.972
AUH-03,2026-08-06,12,3.7296000000000005,24.864
AUH-03,2026-08-06,13,2.7972,18.648
AUH-03,2026-08-06,14,3.2634000000000007,21.756000000000004
AUH-03,2026-08-06,15,3.7296000000000005,24.864
AUH-03,2026-08-06,16,4.1958,27.972
AUH-03,2026-08-06,17,4.1958,27.972
AUH-03,2026-08-06,18,4.662000000000001,31.080000000000002
AUH-03,2026-08-06,19,4.1958,27.972
AUH-03,2026-08-06,20,2.7972,18.648
AUH-03,2026-08-06,21,1.3986,9.324
SHJ-01,2026-08-06,8,1.49184,13.985999999999999
SHJ-01,2026-08-06,9,2.4864,23.310000000000002
SHJ-01,2026-08-06,10,3.97824,37.296
SHJ-01,2026-08-06,11,4.47552,41.958
SHJ-01,2026-08-06,12,3.97824,37.296
SHJ-01,2026-08-06,13,2.98368,27.971999999999998
SHJ-01,2026-08-06,14,3.4809600000000005,32.634
SHJ-01,2026-08-06,15,3.97824,37.296
SHJ-01,2026-08-06,16,4.47552,41.958
SHJ-01,2026-08-06,17,4.47552,41.958
SHJ-01,2026-08-06,18,4.9728,46.620000000000005
SHJ-01,2026-08-06,19,4.47552,41.958
SHJ-01,2026-08-06,20,2.98368,27.971999999999998
SHJ-01,2026-08-06,21,1.49184,13.985999999999999
SHJ-02,2026-08-06,8,1.0758,10.758000000000001
SHJ-02,2026-08-06,9,1.7930000000000004,17.930000000000003
SHJ-02,2026-08-06,10,2.8688000000000007,28.688000000000002
SHJ-02,2026-08-06,11,3.2274000000000003,32.274
SHJ-02,2026-08-06,12,2.8688000000000007,28.688000000000002
SHJ-02,2026-08-06,13,2.1516,21.516000000000002
SHJ-02,2026-08-06,14,2.5102000000000007,25.102000000000004
SHJ-02,2026-08-06,15,2.8688000000000007,28.688000000000002
SHJ-02,2026-08-06,16,3.2274000000000003,32.274
SHJ-02,2026-08-06,17,3.2274000000000003,32.274
SHJ-02,2026-08-06,18,3.5860000000000007,35.86000000000001
SHJ-02,2026-08-06,19,3.2274000000000003,32.274
SHJ-02,2026-08-06,20,2.1516,21.516000000000002
SHJ-02,2026-08-06,21,1.0758,10.758000000000001
AAN-01,2026-08-06,8,0.6812999999999999,6.813
AAN-01,2026-08-06,9,1.1355,11.355
AAN-01,2026-08-06,10,1.8167999999999997,18.168
AAN-01,2026-08-06,11,2.0439,20.439
AAN-01,2026-08-06,12,1.8167999999999997,18.168
AAN-01,2026-08-06,13,1.3625999999999998,13.626
AAN-01,2026-08-06,14,1.5897,15.897
AAN-01,2026-08-06,15,1.8167999999999997,18.168
AAN-01,2026-08-06,16,2.0439,20.439
AAN-01,2026-08-06,17,2.0439,20.439
AAN-01,2026-08-06,18,2.271,22.71
AAN-01,2026-08-06,19,2.0439,20.439
AAN-01,2026-08-06,20,1.3625999999999998,13.626
AAN-01,2026-08-06,21,0.6812999999999999,6.813
RAK-01,2026-08-06,8,0.6275999999999999,6.276
RAK-01,2026-08-06,9,1.046,10.46
RAK-01,2026-08-06,10,1.6736,16.736
RAK-01,2026-08-06,11,1.8827999999999998,18.828
RAK-01,2026-08-06,12,1.6736,16.736
RAK-01,2026-08-06,13,1.2551999999999999,12.552
RAK-01,2026-08-06,14,1.4644,14.644
RAK-01,2026-08-06,15,1.6736,16.736
RAK-01,2026-08-06,16,1.8827999999999998,18.828
RAK-01,2026-08-06,17,1.8827999999999998,18.828
RAK-01,2026-08-06,18,2.092,20.92
RAK-01,2026-08-06,19,1.8827999999999998,18.828
RAK-01,2026-08-06,20,1.2551999999999999,12.552
RAK-01,2026-08-06,21,0.6275999999999999,6.276
FUJ-01,2026-08-06,8,0.57376,5.3790000000000004
FUJ-01,2026-08-06,9,0.9562666666666669,8.965000000000002
FUJ-01,2026-08-06,10,1.530026666666667,14.344000000000001
FUJ-01,2026-08-06,11,1.7212800000000004,16.137
FUJ-01,2026-08-06,12,1.530026666666667,14.344000000000001
FUJ-01,2026-08-06,13,1.14752,10.758000000000001
FUJ-01,2026-08-06,14,1.3387733333333338,12.551000000000002
FUJ-01,2026-08-06,15,1.530026666666667,14.344000000000001
FUJ-01,2026-08-06,16,1.7212800000000004,16.137
FUJ-01,2026-08-06,17,1.7212800000000004,16.137
FUJ-01,2026-08-06,18,1.9125333333333339,17.930000000000003
FUJ-01,2026-08-06,19,1.7212800000000004,16.137
FUJ-01,2026-08-06,20,1.14752,10.758000000000001
FUJ-01,2026-08-06,21,0.57376,5.3790000000000004
DXB-01,2026-08-07,8,2.01273,26.253
DXB-01,2026-08-07,9,3.3545499999999997,43.755
DXB-01,2026-08-07,10,5.36728,70.00800000000001
DXB-01,2026-08-07,11,6.038189999999999,78.759
DXB-01,2026-08-07,12,5.36728,70.00800000000001
DXB-01,2026-08-07,13,4.02546,52.506
DXB-01,2026-08-07,14,4.69637,61.257000000000005
DXB-01,2026-08-07,15,5.36728,70.00800000000001
DXB-01,2026-08-07,16,6.038189999999999,78.759
DXB-01,2026-08-07,17,6.038189999999999,78.759
DXB-01,2026-08-07,18,6.709099999999999,87.51
DXB-01,2026-08-07,19,6.038189999999999,78.759
DXB-01,2026-08-07,20,4.02546,52.506
DXB-01,2026-08-07,21,2.01273,26.253
DXB-02,2026-08-07,8,1.7530599999999998,22.866
DXB-02,2026-08-07,9,2.9217666666666666,38.11000000000001
DXB-02,2026-08-07,10,4.674826666666667,60.976000000000006
DXB-02,2026-08-07,11,5.25918,68.598
DXB-02,2026-08-07,12,4.674826666666667,60.976000000000006
DXB-02,2026-08-07,13,3.5061199999999997,45.732
DXB-02,2026-08-07,14,4.090473333333334,53.354000000000006
DXB-02,2026-08-07,15,4.674826666666667,60.976000000000006
DXB-02,2026-08-07,16,5.25918,68.598
DXB-02,2026-08-07,17,5.25918,68.598
DXB-02,2026-08-07,18,5.843533333333333,76.22000000000001
DXB-02,2026-08-07,19,5.25918,68.598
DXB-02,2026-08-07,20,3.5061199999999997,45.732
DXB-02,2026-08-07,21,1.7530599999999998,22.866
DXB-03,2026-08-07,8,1.85184,17.361
DXB-03,2026-08-07,9,3.0864000000000003,28.935000000000002
DXB-03,2026-08-07,10,4.93824,46.29600000000001
DXB-03,2026-08-07,11,5.55552,52.083000000000006
DXB-03,2026-08-07,12,4.93824,46.29600000000001
DXB-03,2026-08-07,13,3.70368,34.722
DXB-03,2026-08-07,14,4.32096,40.50900000000001
DXB-03,2026-08-07,15,4.93824,46.29600000000001
DXB-03,2026-08-07,16,5.55552,52.083000000000006
DXB-03,2026-08-07,17,5.55552,52.083000000000006
DXB-03,2026-08-07,18,6.1728000000000005,57.870000000000005
DXB-03,2026-08-07,19,5.55552,52.083000000000006
DXB-03,2026-08-07,20,3.70368,34.722
DXB-03,2026-08-07,21,1.85184,17.361
DXB-04,2026-08-07,8,1.93725,12.915
DXB-04,2026-08-07,9,3.2287500000000002,21.525000000000002
DXB-04,2026-08-07,10,5.166,34.44
DXB-04,2026-08-07,11,5.81175,38.745
DXB-04,2026-08-07,12,5.166,34.44
DXB-04,2026-08-07,13,3.8745,25.83
DXB-04,2026-08-07,14,4.520250000000001,30.135
DXB-04,2026-08-07,15,5.166,34.44
DXB-04,2026-08-07,16,5.81175,38.745
DXB-04,2026-08-07,17,5.81175,38.745
DXB-04,2026-08-07,18,6.4575000000000005,43.050000000000004
DXB-04,2026-08-07,19,5.81175,38.745
DXB-04,2026-08-07,20,3.8745,25.83
DXB-04,2026-08-07,21,1.93725,12.915
AUH-01,2026-08-07,8,1.5582499999999997,20.325
AUH-01,2026-08-07,9,2.597083333333333,33.875
AUH-01,2026-08-07,10,4.155333333333332,54.2
AUH-01,2026-08-07,11,4.674749999999999,60.974999999999994
AUH-01,2026-08-07,12,4.155333333333332,54.2
AUH-01,2026-08-07,13,3.1164999999999994,40.65
AUH-01,2026-08-07,14,3.6359166666666662,47.425000000000004
AUH-01,2026-08-07,15,4.155333333333332,54.2
AUH-01,2026-08-07,16,4.674749999999999,60.974999999999994
AUH-01,2026-08-07,17,4.674749999999999,60.974999999999994
AUH-01,2026-08-07,18,5.194166666666666,67.75
AUH-01,2026-08-07,19,4.674749999999999,60.974999999999994
AUH-01,2026-08-07,20,3.1164999999999994,40.65
AUH-01,2026-08-07,21,1.5582499999999997,20.325
AUH-02,2026-08-07,8,1.5808000000000002,14.82
AUH-02,2026-08-07,9,2.6346666666666674,24.700000000000003
AUH-02,2026-08-07,10,4.215466666666668,39.52
AUH-02,2026-08-07,11,4.742400000000001,44.46
AUH-02,2026-08-07,12,4.215466666666668,39.52
AUH-02,2026-08-07,13,3.1616000000000004,29.64
AUH-02,2026-08-07,14,3.6885333333333343,34.580000000000005
AUH-02,2026-08-07,15,4.215466666666668,39.52
AUH-02,2026-08-07,16,4.742400000000001,44.46
AUH-02,2026-08-07,17,4.742400000000001,44.46
AUH-02,2026-08-07,18,5.269333333333335,49.400000000000006
AUH-02,2026-08-07,19,4.742400000000001,44.46
AUH-02,2026-08-07,20,3.1616000000000004,29.64
AUH-02,2026-08-07,21,1.5808000000000002,14.82
AUH-03,2026-08-07,8,1.6514999999999997,11.01
AUH-03,2026-08-07,9,2.7525,18.35
AUH-03,2026-08-07,10,4.404,29.36
AUH-03,2026-08-07,11,4.9544999999999995,33.03
AUH-03,2026-08-07,12,4.404,29.36
AUH-03,2026-08-07,13,3.3029999999999995,22.02
AUH-03,2026-08-07,14,3.8535000000000004,25.69
AUH-03,2026-08-07,15,4.404,29.36
AUH-03,2026-08-07,16,4.9544999999999995,33.03
AUH-03,2026-08-07,17,4.9544999999999995,33.03
AUH-03,2026-08-07,18,5.505,36.7
AUH-03,2026-08-07,19,4.9544999999999995,33.03
AUH-03,2026-08-07,20,3.3029999999999995,22.02
AUH-03,2026-08-07,21,1.6514999999999997,11.01
SHJ-01,2026-08-07,8,1.7616,16.515
SHJ-01,2026-08-07,9,2.9360000000000004,27.525000000000002
SHJ-01,2026-08-07,10,4.6976,44.04
SHJ-01,2026-08-07,11,5.284800000000001,49.545
SHJ-01,2026-08-07,12,4.6976,44.04
SHJ-01,2026-08-07,13,3.5232,33.03
SHJ-01,2026-08-07,14,4.110400000000001,38.535000000000004
SHJ-01,2026-08-07,15,4.6976,44.04
SHJ-01,2026-08-07,16,5.284800000000001,49.545
SHJ-01,2026-08-07,17,5.284800000000001,49.545
SHJ-01,2026-08-07,18,5.872000000000001,55.050000000000004
SHJ-01,2026-08-07,19,5.284800000000001,49.545
SHJ-01,2026-08-07,20,3.5232,33.03
SHJ-01,2026-08-07,21,1.7616,16.515
SHJ-02,2026-08-07,8,1.2705,12.705
SHJ-02,2026-08-07,9,2.1175,21.175
SHJ-02,2026-08-07,10,3.3880000000000003,33.88
SHJ-02,2026-08-07,11,3.8115,38.115
SHJ-02,2026-08-07,12,3.3880000000000003,33.88
SHJ-02,2026-08-07,13,2.541,25.41
SHJ-02,2026-08-07,14,2.9645000000000006,29.645000000000003
SHJ-02,2026-08-07,15,3.3880000000000003,33.88
SHJ-02,2026-08-07,16,3.8115,38.115
SHJ-02,2026-08-07,17,3.8115,38.115
SHJ-02,2026-08-07,18,4.235,42.35
SHJ-02,2026-08-07,19,3.8115,38.115
SHJ-02,2026-08-07,20,2.541,25.41
SHJ-02,2026-08-07,21,1.2705,12.705
AAN-01,2026-08-07,8,0.8045999999999999,8.046
AAN-01,2026-08-07,9,1.341,13.41
AAN-01,2026-08-07,10,2.1456,21.456
AAN-01,2026-08-07,11,2.4137999999999997,24.137999999999998
AAN-01,2026-08-07,12,2.1456,21.456
AAN-01,2026-08-07,13,1.6091999999999997,16.092
AAN-01,2026-08-07,14,1.8774,18.774
AAN-01,2026-08-07,15,2.1456,21.456
AAN-01,2026-08-07,16,2.4137999999999997,24.137999999999998
AAN-01,2026-08-07,17,2.4137999999999997,24.137999999999998
AAN-01,2026-08-07,18,2.682,26.82
AAN-01,2026-08-07,19,2.4137999999999997,24.137999999999998
AAN-01,2026-08-07,20,1.6091999999999997,16.092
AAN-01,2026-08-07,21,0.8045999999999999,8.046
RAK-01,2026-08-07,8,0.741,7.41
RAK-01,2026-08-07,9,1.235,12.350000000000001
RAK-01,2026-08-07,10,1.976,19.76
RAK-01,2026-08-07,11,2.223,22.23
RAK-01,2026-08-07,12,1.976,19.76
RAK-01,2026-08-07,13,1.482,14.82
RAK-01,2026-08-07,14,1.729,17.290000000000003
RAK-01,2026-08-07,15,1.976,19.76
RAK-01,2026-08-07,16,2.223,22.23
RAK-01,2026-08-07,17,2.223,22.23
RAK-01,2026-08-07,18,2.47,24.700000000000003
RAK-01,2026-08-07,19,2.223,22.23
RAK-01,2026-08-07,20,1.482,14.82
RAK-01,2026-08-07,21,0.741,7.41
FUJ-01,2026-08-07,8,0.67744,6.350999999999999
FUJ-01,2026-08-07,9,1.1290666666666669,10.585
FUJ-01,2026-08-07,10,1.806506666666667,16.936
FUJ-01,2026-08-07,11,2.0323200000000003,19.052999999999997
FUJ-01,2026-08-07,12,1.806506666666667,16.936
FUJ-01,2026-08-07,13,1.35488,12.701999999999998
FUJ-01,2026-08-07,14,1.5806933333333337,14.819
FUJ-01,2026-08-07,15,1.806506666666667,16.936
FUJ-01,2026-08-07,16,2.0323200000000003,19.052999999999997
FUJ-01,2026-08-07,17,2.0323200000000003,19.052999999999997
FUJ-01,2026-08-07,18,2.2581333333333338,21.17
FUJ-01,2026-08-07,19,2.0323200000000003,19.052999999999997
FUJ-01,2026-08-07,20,1.35488,12.701999999999998
FUJ-01,2026-08-07,21,0.67744,6.350999999999999
DXB-01,2026-08-08,8,2.0143399999999994,26.273999999999997
DXB-01,2026-08-08,9,3.357233333333333,43.79
DXB-01,2026-08-08,10,5.371573333333332,70.064
DXB-01,2026-08-08,11,6.0430199999999985,78.82199999999999
DXB-01,2026-08-08,12,5.371573333333332,70.064
DXB-01,2026-08-08,13,4.028679999999999,52.547999999999995
DXB-01,2026-08-08,14,4.700126666666666,61.306000000000004
DXB-01,2026-08-08,15,5.371573333333332,70.064
DXB-01,2026-08-08,16,6.0430199999999985,78.82199999999999
DXB-01,2026-08-08,17,6.0430199999999985,78.82199999999999
DXB-01,2026-08-08,18,6.714466666666666,87.58
DXB-01,2026-08-08,19,6.0430199999999985,78.82199999999999
DXB-01,2026-08-08,20,4.028679999999999,52.547999999999995
DXB-01,2026-08-08,21,2.0143399999999994,26.273999999999997
DXB-02,2026-08-08,8,1.7544399999999998,22.883999999999997
DXB-02,2026-08-08,9,2.9240666666666666,38.14
DXB-02,2026-08-08,10,4.678506666666666,61.024
DXB-02,2026-08-08,11,5.263319999999999,68.65199999999999
DXB-02,2026-08-08,12,4.678506666666666,61.024
DXB-02,2026-08-08,13,3.5088799999999996,45.767999999999994
DXB-02,2026-08-08,14,4.093693333333333,53.396
DXB-02,2026-08-08,15,4.678506666666666,61.024
DXB-02,2026-08-08,16,5.263319999999999,68.65199999999999
DXB-02,2026-08-08,17,5.263319999999999,68.65199999999999
DXB-02,2026-08-08,18,5.848133333333333,76.28
DXB-02,2026-08-08,19,5.263319999999999,68.65199999999999
DXB-02,2026-08-08,20,3.5088799999999996,45.767999999999994
DXB-02,2026-08-08,21,1.7544399999999998,22.883999999999997
DXB-03,2026-08-08,8,1.8534400000000002,17.376
DXB-03,2026-08-08,9,3.0890666666666675,28.960000000000004
DXB-03,2026-08-08,10,4.9425066666666675,46.336000000000006
DXB-03,2026-08-08,11,5.560320000000001,52.128
DXB-03,2026-08-08,12,4.9425066666666675,46.336000000000006
DXB-03,2026-08-08,13,3.7068800000000004,34.752
DXB-03,2026-08-08,14,4.324693333333334,40.544000000000004
DXB-03,2026-08-08,15,4.9425066666666675,46.336000000000006
DXB-03,2026-08-08,16,5.560320000000001,52.128
DXB-03,2026-08-08,17,5.560320000000001,52.128
DXB-03,2026-08-08,18,6.178133333333335,57.92000000000001
DXB-03,2026-08-08,19,5.560320000000001,52.128
DXB-03,2026-08-08,20,3.7068800000000004,34.752
DXB-03,2026-08-08,21,1.8534400000000002,17.376
DXB-04,2026-08-08,8,1.9386,12.924
DXB-04,2026-08-08,9,3.2310000000000003,21.540000000000003
DXB-04,2026-08-08,10,5.169600000000001,34.464
DXB-04,2026-08-08,11,5.8158,38.772
DXB-04,2026-08-08,12,5.169600000000001,34.464
DXB-04,2026-08-08,13,3.8772,25.848
DXB-04,2026-08-08,14,4.5234000000000005,30.156000000000002
DXB-04,2026-08-08,15,5.169600000000001,34.464
DXB-04,2026-08-08,16,5.8158,38.772
DXB-04,2026-08-08,17,5.8158,38.772
DXB-04,2026-08-08,18,6.462000000000001,43.080000000000005
DXB-04,2026-08-08,19,5.8158,38.772
DXB-04,2026-08-08,20,3.8772,25.848
DXB-04,2026-08-08,21,1.9386,12.924
AUH-01,2026-08-08,8,1.5594,20.34
AUH-01,2026-08-08,9,2.599,33.9
AUH-01,2026-08-08,10,4.158399999999999,54.24
AUH-01,2026-08-08,11,4.6781999999999995,61.019999999999996
AUH-01,2026-08-08,12,4.158399999999999,54.24
AUH-01,2026-08-08,13,3.1188,40.68
AUH-01,2026-08-08,14,3.6386000000000003,47.46000000000001
AUH-01,2026-08-08,15,4.158399999999999,54.24
AUH-01,2026-08-08,16,4.6781999999999995,61.019999999999996
AUH-01,2026-08-08,17,4.6781999999999995,61.019999999999996
AUH-01,2026-08-08,18,5.198,67.8
AUH-01,2026-08-08,19,4.6781999999999995,61.019999999999996
AUH-01,2026-08-08,20,3.1188,40.68
AUH-01,2026-08-08,21,1.5594,20.34
AUH-02,2026-08-08,8,1.58208,14.831999999999999
AUH-02,2026-08-08,9,2.6368,24.72
AUH-02,2026-08-08,10,4.2188799999999995,39.552
AUH-02,2026-08-08,11,4.746239999999999,44.495999999999995
AUH-02,2026-08-08,12,4.2188799999999995,39.552
AUH-02,2026-08-08,13,3.16416,29.663999999999998
AUH-02,2026-08-08,14,3.69152,34.608000000000004
AUH-02,2026-08-08,15,4.2188799999999995,39.552
AUH-02,2026-08-08,16,4.746239999999999,44.495999999999995
AUH-02,2026-08-08,17,4.746239999999999,44.495999999999995
AUH-02,2026-08-08,18,5.2736,49.44
AUH-02,2026-08-08,19,4.746239999999999,44.495999999999995
AUH-02,2026-08-08,20,3.16416,29.663999999999998
AUH-02,2026-08-08,21,1.58208,14.831999999999999
AUH-03,2026-08-08,8,1.6528500000000002,11.019
AUH-03,2026-08-08,9,2.7547500000000005,18.365000000000002
AUH-03,2026-08-08,10,4.4076,29.384
AUH-03,2026-08-08,11,4.958550000000001,33.057
AUH-03,2026-08-08,12,4.4076,29.384
AUH-03,2026-08-08,13,3.3057000000000003,22.038
AUH-03,2026-08-08,14,3.8566500000000006,25.711000000000002
AUH-03,2026-08-08,15,4.4076,29.384
AUH-03,2026-08-08,16,4.958550000000001,33.057
AUH-03,2026-08-08,17,4.958550000000001,33.057
AUH-03,2026-08-08,18,5.509500000000001,36.730000000000004
AUH-03,2026-08-08,19,4.958550000000001,33.057
AUH-03,2026-08-08,20,3.3057000000000003,22.038
AUH-03,2026-08-08,21,1.6528500000000002,11.019
SHJ-01,2026-08-08,8,1.76288,16.526999999999997
SHJ-01,2026-08-08,9,2.9381333333333335,27.545
SHJ-01,2026-08-08,10,4.701013333333334,44.071999999999996
SHJ-01,2026-08-08,11,5.28864,49.580999999999996
SHJ-01,2026-08-08,12,4.701013333333334,44.071999999999996
SHJ-01,2026-08-08,13,3.52576,33.053999999999995
SHJ-01,2026-08-08,14,4.113386666666667,38.563
SHJ-01,2026-08-08,15,4.701013333333334,44.071999999999996
SHJ-01,2026-08-08,16,5.28864,49.580999999999996
SHJ-01,2026-08-08,17,5.28864,49.580999999999996
SHJ-01,2026-08-08,18,5.876266666666667,55.09
SHJ-01,2026-08-08,19,5.28864,49.580999999999996
SHJ-01,2026-08-08,20,3.52576,33.053999999999995
SHJ-01,2026-08-08,21,1.76288,16.526999999999997
SHJ-02,2026-08-08,8,1.2714,12.714
SHJ-02,2026-08-08,9,2.119,21.19
SHJ-02,2026-08-08,10,3.3904,33.904
SHJ-02,2026-08-08,11,3.8142,38.142
SHJ-02,2026-08-08,12,3.3904,33.904
SHJ-02,2026-08-08,13,2.5428,25.428
SHJ-02,2026-08-08,14,2.9666000000000006,29.666000000000004
SHJ-02,2026-08-08,15,3.3904,33.904
SHJ-02,2026-08-08,16,3.8142,38.142
SHJ-02,2026-08-08,17,3.8142,38.142
SHJ-02,2026-08-08,18,4.238,42.38
SHJ-02,2026-08-08,19,3.8142,38.142
SHJ-02,2026-08-08,20,2.5428,25.428
SHJ-02,2026-08-08,21,1.2714,12.714
AAN-01,2026-08-08,8,0.8051999999999998,8.052
AAN-01,2026-08-08,9,1.3419999999999999,13.42
AAN-01,2026-08-08,10,2.1471999999999998,21.471999999999998
AAN-01,2026-08-08,11,2.4155999999999995,24.156
AAN-01,2026-08-08,12,2.1471999999999998,21.471999999999998
AAN-01,2026-08-08,13,1.6103999999999996,16.104
AAN-01,2026-08-08,14,1.8788,18.788
AAN-01,2026-08-08,15,2.1471999999999998,21.471999999999998
AAN-01,2026-08-08,16,2.4155999999999995,24.156
AAN-01,2026-08-08,17,2.4155999999999995,24.156
AAN-01,2026-08-08,18,2.6839999999999997,26.84
AAN-01,2026-08-08,19,2.4155999999999995,24.156
AAN-01,2026-08-08,20,1.6103999999999996,16.104
AAN-01,2026-08-08,21,0.8051999999999998,8.052
RAK-01,2026-08-08,8,0.7415999999999998,7.4159999999999995
RAK-01,2026-08-08,9,1.2359999999999998,12.36
RAK-01,2026-08-08,10,1.9775999999999996,19.776
RAK-01,2026-08-08,11,2.2247999999999997,22.247999999999998
RAK-01,2026-08-08,12,1.9775999999999996,19.776
RAK-01,2026-08-08,13,1.4831999999999996,14.831999999999999
RAK-01,2026-08-08,14,1.7304,17.304000000000002
RAK-01,2026-08-08,15,1.9775999999999996,19.776
RAK-01,2026-08-08,16,2.2247999999999997,22.247999999999998
RAK-01,2026-08-08,17,2.2247999999999997,22.247999999999998
RAK-01,2026-08-08,18,2.4719999999999995,24.72
RAK-01,2026-08-08,19,2.2247999999999997,22.247999999999998
RAK-01,2026-08-08,20,1.4831999999999996,14.831999999999999
RAK-01,2026-08-08,21,0.7415999999999998,7.4159999999999995
FUJ-01,2026-08-08,8,0.67808,6.357
FUJ-01,2026-08-08,9,1.1301333333333334,10.595
FUJ-01,2026-08-08,10,1.8082133333333335,16.952
FUJ-01,2026-08-08,11,2.03424,19.071
FUJ-01,2026-08-08,12,1.8082133333333335,16.952
FUJ-01,2026-08-08,13,1.35616,12.714
FUJ-01,2026-08-08,14,1.5821866666666669,14.833000000000002
FUJ-01,2026-08-08,15,1.8082133333333335,16.952
FUJ-01,2026-08-08,16,2.03424,19.071
FUJ-01,2026-08-08,17,2.03424,19.071
FUJ-01,2026-08-08,18,2.260266666666667,21.19
FUJ-01,2026-08-08,19,2.03424,19.071
FUJ-01,2026-08-08,20,1.35616,12.714
FUJ-01,2026-08-08,21,0.67808,6.357
