store_id,date,horizon_day,forecast_p50,forecast_p80,forecast_p95,forecast_cv,campaign,is_weekend
DXB-01,2026-08-02,0,738.9,813.3,884.7,0.12,none,False
DXB-02,2026-08-02,0,643.5,708.4,770.5,0.12,none,False
DXB-03,2026-08-02,0,488.6,537.8,585.0,0.12,none,False
DXB-04,2026-08-02,0,363.5,400.1,435.2,0.12,none,False
AUH-01,2026-08-02,0,572.0,629.7,684.9,0.12,none,False
AUH-02,2026-08-02,0,417.1,459.1,499.4,0.12,none,False
AUH-03,2026-08-02,0,309.8,341.1,371.0,0.12,none,False
SHJ-01,2026-08-02,0,464.8,511.6,556.5,0.12,none,False
SHJ-02,2026-08-02,0,357.5,393.5,428.1,0.12,none,False
AAN-01,2026-08-02,0,226.4,249.2,271.1,0.12,none,False
RAK-01,2026-08-02,0,208.5,229.6,249.7,0.12,none,False
FUJ-01,2026-08-02,0,178.8,196.8,214.0,0.12,none,False
DXB-01,2026-08-03,1,739.4,813.9,885.4,0.12,none,False
DXB-02,2026-08-03,1,644.0,708.9,771.1,0.12,none,False
DXB-03,2026-08-03,1,489.0,538.3,585.5,0.12,none,False
DXB-04,2026-08-03,1,363.7,400.4,435.5,0.12,none,False
AUH-01,2026-08-03,1,572.4,630.2,685.4,0.12,none,False
AUH-02,2026-08-03,1,417.4,459.5,499.8,0.12,none,False
AUH-03,2026-08-03,1,310.1,341.3,371.3,0.12,none,False
SHJ-01,2026-08-03,1,465.1,512.0,556.9,0.12,none,False
SHJ-02,2026-08-03,1,357.8,393.8,428.4,0.12,none,False
AAN-01,2026-08-03,1,226.6,249.4,271.3,0.12,none,False
RAK-01,2026-08-03,1,208.7,229.7,249.9,0.12,none,False
FUJ-01,2026-08-03,1,178.9,196.9,214.2,0.12,none,False
DXB-01,2026-08-04,2,740.0,814.6,886.0,0.12,none,False
DXB-02,2026-08-04,2,644.5,709.5,771.7,0.12,none,False
DXB-03,2026-08-04,2,489.3,538.7,585.9,0.12,none,False
DXB-04,2026-08-04,2,364.0,400.7,435.9,0.12,none,False
AUH-01,2026-08-04,2,572.9,630.6,686.0,0.12,none,False
AUH-02,2026-08-04,2,417.7,459.8,500.2,0.12,none,False
AUH-03,2026-08-04,2,310.3,341.6,371.6,0.12,none,False
SHJ-01,2026-08-04,2,465.5,512.4,557.3,0.12,none,False
SHJ-02,2026-08-04,2,358.1,394.1,428.7,0.12,none,False
AAN-01,2026-08-04,2,226.8,249.6,271.5,0.12,none,False
RAK-01,2026-08-04,2,208.9,229.9,250.1,0.12,none,False
FUJ-01,2026-08-04,2,179.0,197.1,214.4,0.12,none,False
DXB-01,2026-08-05,3,740.5,815.2,886.7,0.12,none,False
DXB-02,2026-08-05,3,645.0,710.0,772.3,0.12,none,False
DXB-03,2026-08-05,3,489.7,539.1,586.4,0.12,none,False
DXB-04,2026-08-05,3,364.3,401.0,436.2,0.12,none,False
AUH-01,2026-08-05,3,573.3,631.1,686.5,0.12,none,False
AUH-02,2026-08-05,3,418.0,460.2,500.6,0.12,none,False
AUH-03,2026-08-05,3,310.5,341.8,371.8,0.12,none,False
SHJ-01,2026-08-05,3,465.8,512.8,557.8,0.12,none,False
SHJ-02,2026-08-05,3,358.3,394.4,429.1,0.12,none,False
AAN-01,2026-08-05,3,226.9,249.8,271.7,0.12,none,False
RAK-01,2026-08-05,3,209.0,230.1,250.3,0.12,none,False
FUJ-01,2026-08-05,3,179.2,197.2,214.5,0.12,none,False
DXB-01,2026-08-06,4,741.1,815.8,887.4,0.12,none,False
DXB-02,2026-08-06,4,645.5,710.5,772.9,0.12,none,False
DXB-03,2026-08-06,4,490.1,539.5,586.8,0.12,none,False
DXB-04,2026-08-06,4,364.6,401.3,436.5,0.12,none,False
AUH-01,2026-08-06,4,573.7,631.6,687.0,0.12,none,False
AUH-02,2026-08-06,4,418.4,460.5,500.9,0.12,none,False
AUH-03,2026-08-06,4,310.8,342.1,372.1,0.12,none,False
SHJ-01,2026-08-06,4,466.2,513.2,558.2,0.12,none,False
SHJ-02,2026-08-06,4,358.6,394.7,429.4,0.12,none,False
AAN-01,2026-08-06,4,227.1,250.0,271.9,0.12,none,False
RAK-01,2026-08-06,4,209.2,230.3,250.5,0.12,none,False
FUJ-01,2026-08-06,4,179.3,197.4,214.7,0.12,none,False
DXB-01,2026-08-07,5,875.1,963.4,1047.9,0.12,none,True
DXB-02,2026-08-07,5,762.2,839.1,912.7,0.12,none,True
DXB-03,2026-08-07,5,578.7,637.1,693.0,0.12,none,True
DXB-04,2026-08-07,5,430.5,473.9,515.5,0.12,none,True
AUH-01,2026-08-07,5,677.5,745.8,811.3,0.12,none,True
AUH-02,2026-08-07,5,494.0,543.8,591.6,0.12,none,True
AUH-03,2026-08-07,5,367.0,404.0,439.4,0.12,none,True
SHJ-01,2026-08-07,5,550.5,606.0,659.2,0.12,none,True
SHJ-02,2026-08-07,5,423.5,466.1,507.0,0.12,none,True
AAN-01,2026-08-07,5,268.2,295.2,321.1,0.12,none,True
RAK-01,2026-08-07,5,247.0,271.9,295.8,0.12,none,True
FUJ-01,2026-08-07,5,211.7,233.1,253.5,0.12,none,True
DXB-01,2026-08-08,6,875.8,964.1,1048.7,0.12,none,True
DXB-02,2026-08-08,6,762.8,839.7,913.4,0.12,none,True
DXB-03,2026-08-08,6,579.2,637.5,693.5,0.12,none,True
DXB-04,2026-08-08,6,430.8,474.3,515.9,0.12,none,True
AUH-01,2026-08-08,6,678.0,746.4,811.9,0.12,none,True
AUH-02,2026-08-08,6,494.4,544.2,592.0,0.12,none,True
AUH-03,2026-08-08,6,367.3,404.3,439.8,0.12,none,True
SHJ-01,2026-08-08,6,550.9,606.4,659.7,0.12,none,True
SHJ-02,2026-08-08,6,423.8,466.5,507.4,0.12,none,True
AAN-01,2026-08-08,6,268.4,295.4,321.4,0.12,none,True
RAK-01,2026-08-08,6,247.2,272.1,296.0,0.12,none,True
FUJ-01,2026-08-08,6,211.9,233.2,253.7,0.12,none,True
DXB-01,2026-08-09,7,742.8,827.0,907.7,0.135,none,False
DXB-02,2026-08-09,7,646.9,720.3,790.6,0.135,none,False
DXB-03,2026-08-09,7,491.2,546.9,600.3,0.135,none,False
DXB-04,2026-08-09,7,365.4,406.8,446.5,0.135,none,False
AUH-01,2026-08-09,7,575.0,640.2,702.7,0.135,none,False
AUH-02,2026-08-09,7,419.3,466.8,512.4,0.135,none,False
AUH-03,2026-08-09,7,311.5,346.8,380.7,0.135,none,False
SHJ-01,2026-08-09,7,467.2,520.2,571.0,0.135,none,False
SHJ-02,2026-08-09,7,359.4,400.2,439.2,0.135,none,False
AAN-01,2026-08-09,7,227.6,253.4,278.2,0.135,none,False
RAK-01,2026-08-09,7,209.7,233.4,256.2,0.135,none,False
FUJ-01,2026-08-09,7,179.7,200.1,219.6,0.135,none,False
DXB-01,2026-08-10,8,743.3,827.6,908.4,0.135,none,False
DXB-02,2026-08-10,8,647.4,720.8,791.2,0.135,none,False
DXB-03,2026-08-10,8,491.5,547.3,600.7,0.135,none,False
DXB-04,2026-08-10,8,365.7,407.1,446.9,0.135,none,False
AUH-01,2026-08-10,8,575.5,640.7,703.3,0.135,none,False
AUH-02,2026-08-10,8,419.6,467.2,512.8,0.135,none,False
AUH-03,2026-08-10,8,311.7,347.1,380.9,0.135,none,False
SHJ-01,2026-08-10,8,467.6,520.6,571.4,0.135,none,False
SHJ-02,2026-08-10,8,359.7,400.5,439.5,0.135,none,False
AAN-01,2026-08-10,8,227.8,253.6,278.4,0.135,none,False
RAK-01,2026-08-10,8,209.8,233.6,256.4,0.135,none,False
FUJ-01,2026-08-10,8,179.8,200.2,219.8,0.135,none,False
DXB-01,2026-08-11,9,743.9,828.2,909.1,0.135,none,False
DXB-02,2026-08-11,9,647.9,721.4,791.8,0.135,none,False
DXB-03,2026-08-11,9,491.9,547.7,601.2,0.135,none,False
DXB-04,2026-08-11,9,365.9,407.4,447.2,0.135,none,False
AUH-01,2026-08-11,9,575.9,641.2,703.8,0.135,none,False
AUH-02,2026-08-11,9,419.9,467.6,513.2,0.135,none,False
AUH-03,2026-08-11,9,311.9,347.3,381.2,0.135,none,False
SHJ-01,2026-08-11,9,467.9,521.0,571.8,0.135,none,False
SHJ-02,2026-08-11,9,359.9,400.8,439.9,0.135,none,False
AAN-01,2026-08-11,9,228.0,253.8,278.6,0.135,none,False
RAK-01,2026-08-11,9,210.0,233.8,256.6,0.135,none,False
FUJ-01,2026-08-11,9,180.0,200.4,219.9,0.135,none,False
DXB-01,2026-08-12,10,744.4,828.9,909.8,0.135,none,False
DXB-02,2026-08-12,10,648.4,721.9,792.4,0.135,none,False
DXB-03,2026-08-12,10,492.3,548.1,601.6,0.135,none,False
DXB-04,2026-08-12,10,366.2,407.7,447.5,0.135,none,False
AUH-01,2026-08-12,10,576.3,641.7,704.3,0.135,none,False
AUH-02,2026-08-12,10,420.2,467.9,513.6,0.135,none,False
AUH-03,2026-08-12,10,312.2,347.6,381.5,0.135,none,False
SHJ-01,2026-08-12,10,468.3,521.4,572.3,0.135,none,False
SHJ-02,2026-08-12,10,360.2,401.1,440.2,0.135,none,False
AAN-01,2026-08-12,10,228.1,254.0,278.8,0.135,none,False
RAK-01,2026-08-12,10,210.1,234.0,256.8,0.135,none,False
FUJ-01,2026-08-12,10,180.1,200.5,220.1,0.135,none,False
DXB-01,2026-08-13,11,745.0,829.5,910.4,0.135,none,False
DXB-02,2026-08-13,11,648.9,722.4,793.0,0.135,none,False
DXB-03,2026-08-13,11,492.7,548.5,602.1,0.135,none,False
DXB-04,2026-08-13,11,366.5,408.0,447.9,0.135,none,False
AUH-01,2026-08-13,11,576.8,642.2,704.9,0.135,none,False
AUH-02,2026-08-13,11,420.6,468.3,514.0,0.135,none,False
AUH-03,2026-08-13,11,312.4,347.8,381.8,0.135,none,False
SHJ-01,2026-08-13,11,468.6,521.8,572.7,0.135,none,False
SHJ-02,2026-08-13,11,360.5,401.4,440.5,0.135,none,False
AAN-01,2026-08-13,11,228.3,254.2,279.0,0.135,none,False
RAK-01,2026-08-13,11,210.3,234.1,257.0,0.135,none,False
FUJ-01,2026-08-13,11,180.2,200.7,220.3,0.135,none,False
DXB-01,2026-08-14,12,879.7,979.5,1075.1,0.135,none,True
DXB-02,2026-08-14,12,766.2,853.1,936.4,0.135,none,True
DXB-03,2026-08-14,12,581.8,647.7,711.0,0.135,none,True
DXB-04,2026-08-14,12,432.8,481.9,528.9,0.135,none,True
AUH-01,2026-08-14,12,681.1,758.3,832.4,0.135,none,True
AUH-02,2026-08-14,12,496.6,553.0,606.9,0.135,none,True
AUH-03,2026-08-14,12,368.9,410.8,450.9,0.135,none,True
SHJ-01,2026-08-14,12,553.4,616.1,676.3,0.135,none,True
SHJ-02,2026-08-14,12,425.7,474.0,520.2,0.135,none,True
AAN-01,2026-08-14,12,269.6,300.2,329.5,0.135,none,True
RAK-01,2026-08-14,12,248.3,276.5,303.5,0.135,none,True
FUJ-01,2026-08-14,12,212.8,237.0,260.1,0.135,none,True
DXB-01,2026-08-15,13,880.4,980.2,1075.9,0.135,none,True
DXB-02,2026-08-15,13,766.8,853.8,937.1,0.135,none,True
DXB-03,2026-08-15,13,582.2,648.2,711.5,0.135,none,True
DXB-04,2026-08-15,13,433.1,482.2,529.3,0.135,none,True
AUH-01,2026-08-15,13,681.6,758.9,833.0,0.135,none,True
AUH-02,2026-08-15,13,497.0,553.4,607.4,0.135,none,True
AUH-03,2026-08-15,13,369.2,411.1,451.2,0.135,none,True
SHJ-01,2026-08-15,13,553.8,616.6,676.8,0.135,none,True
SHJ-02,2026-08-15,13,426.0,474.3,520.6,0.135,none,True
AAN-01,2026-08-15,13,269.8,300.4,329.7,0.135,none,True
RAK-01,2026-08-15,13,248.5,276.7,303.7,0.135,none,True
FUJ-01,2026-08-15,13,213.0,237.2,260.3,0.135,none,True
DXB-01,2026-08-16,14,746.7,840.7,930.9,0.15,none,False
DXB-02,2026-08-16,14,650.3,732.3,810.8,0.15,none,False
DXB-03,2026-08-16,14,493.8,556.0,615.6,0.15,none,False
DXB-04,2026-08-16,14,367.3,413.6,457.9,0.15,none,False
AUH-01,2026-08-16,14,578.1,650.9,720.7,0.15,none,False
AUH-02,2026-08-16,14,421.5,474.6,525.5,0.15,none,False
AUH-03,2026-08-16,14,313.1,352.6,390.4,0.15,none,False
SHJ-01,2026-08-16,14,469.7,528.9,585.6,0.15,none,False
SHJ-02,2026-08-16,14,361.3,406.8,450.4,0.15,none,False
AAN-01,2026-08-16,14,228.8,257.6,285.3,0.15,none,False
RAK-01,2026-08-16,14,210.8,237.3,262.8,0.15,none,False
FUJ-01,2026-08-16,14,180.6,203.4,225.2,0.15,none,False
DXB-01,2026-08-17,15,747.2,841.4,931.6,0.15,none,False
DXB-02,2026-08-17,15,650.8,732.8,811.4,0.15,none,False
DXB-03,2026-08-17,15,494.1,556.4,616.1,0.15,none,False
DXB-04,2026-08-17,15,367.6,413.9,458.3,0.15,none,False
AUH-01,2026-08-17,15,578.5,651.4,721.2,0.15,none,False
AUH-02,2026-08-17,15,421.8,475.0,525.9,0.15,none,False
AUH-03,2026-08-17,15,313.4,352.8,390.7,0.15,none,False
SHJ-01,2026-08-17,15,470.0,529.3,586.0,0.15,none,False
SHJ-02,2026-08-17,15,361.6,407.1,450.8,0.15,none,False
AAN-01,2026-08-17,15,229.0,257.8,285.5,0.15,none,False
RAK-01,2026-08-17,15,210.9,237.5,263.0,0.15,none,False
FUJ-01,2026-08-17,15,180.8,203.6,225.4,0.15,none,False
DXB-01,2026-08-18,16,747.8,842.0,932.3,0.15,none,False
DXB-02,2026-08-18,16,651.3,733.4,812.0,0.15,none,False
DXB-03,2026-08-18,16,494.5,556.8,616.5,0.15,none,False
DXB-04,2026-08-18,16,367.9,414.2,458.6,0.15,none,False
AUH-01,2026-08-18,16,578.9,651.9,721.8,0.15,none,False
AUH-02,2026-08-18,16,422.1,475.3,526.3,0.15,none,False
AUH-03,2026-08-18,16,313.6,353.1,391.0,0.15,none,False
SHJ-01,2026-08-18,16,470.4,529.6,586.4,0.15,none,False
SHJ-02,2026-08-18,16,361.8,407.4,451.1,0.15,none,False
AAN-01,2026-08-18,16,229.2,258.0,285.7,0.15,none,False
RAK-01,2026-08-18,16,211.1,237.7,263.1,0.15,none,False
FUJ-01,2026-08-18,16,180.9,203.7,225.6,0.15,none,False
DXB-01,2026-08-19,17,748.3,842.6,933.0,0.15,none,False
DXB-02,2026-08-19,17,651.8,733.9,812.6,0.15,none,False
DXB-03,2026-08-19,17,494.9,557.2,617.0,0.15,none,False
DXB-04,2026-08-19,17,368.1,414.5,459.0,0.15,none,False
AUH-01,2026-08-19,17,579.4,652.4,722.3,0.15,none,False
AUH-02,2026-08-19,17,422.5,475.7,526.7,0.15,none,False
AUH-03,2026-08-19,17,313.8,353.4,391.3,0.15,none,False
SHJ-01,2026-08-19,17,470.7,530.0,586.9,0.15,none,False
SHJ-02,2026-08-19,17,362.1,407.7,451.4,0.15,none,False
AAN-01,2026-08-19,17,229.3,258.2,285.9,0.15,none,False
RAK-01,2026-08-19,17,211.2,237.8,263.3,0.15,none,False
FUJ-01,2026-08-19,17,181.1,203.9,225.7,0.15,none,False
DXB-01,2026-08-20,18,748.9,843.3,933.7,0.15,none,False
DXB-02,2026-08-20,18,652.3,734.5,813.2,0.15,none,False
DXB-03,2026-08-20,18,495.2,557.6,617.4,0.15,none,False
DXB-04,2026-08-20,18,368.4,414.8,459.3,0.15,none,False
AUH-01,2026-08-20,18,579.8,652.8,722.9,0.15,none,False
AUH-02,2026-08-20,18,422.8,476.0,527.1,0.15,none,False
AUH-03,2026-08-20,18,314.1,353.6,391.5,0.15,none,False
SHJ-01,2026-08-20,18,471.1,530.4,587.3,0.15,none,False
SHJ-02,2026-08-20,18,362.4,408.0,451.8,0.15,none,False
AAN-01,2026-08-20,18,229.5,258.4,286.1,0.15,none,False
RAK-01,2026-08-20,18,211.4,238.0,263.5,0.15,none,False
FUJ-01,2026-08-20,18,181.2,204.0,225.9,0.15,none,False
DXB-01,2026-08-21,19,884.4,995.8,1102.6,0.15,none,True
DXB-02,2026-08-21,19,770.2,867.3,960.3,0.15,none,True
DXB-03,2026-08-21,19,584.8,658.5,729.1,0.15,none,True
DXB-04,2026-08-21,19,435.0,489.9,542.4,0.15,none,True
AUH-01,2026-08-21,19,684.7,770.9,853.6,0.15,none,True
AUH-02,2026-08-21,19,499.2,562.1,622.4,0.15,none,True
AUH-03,2026-08-21,19,370.9,417.6,462.4,0.15,none,True
SHJ-01,2026-08-21,19,556.3,626.4,693.6,0.15,none,True
SHJ-02,2026-08-21,19,427.9,481.8,533.5,0.15,none,True
AAN-01,2026-08-21,19,271.0,305.2,337.9,0.15,none,True
RAK-01,2026-08-21,19,249.6,281.1,311.2,0.15,none,True
FUJ-01,2026-08-21,19,214.0,240.9,266.8,0.15,none,True
DXB-01,2026-08-22,20,885.0,996.5,1103.4,0.15,none,True
DXB-02,2026-08-22,20,770.8,867.9,961.0,0.15,none,True
DXB-03,2026-08-22,20,585.3,659.0,729.7,0.15,none,True
DXB-04,2026-08-22,20,435.4,490.2,542.8,0.15,none,True
AUH-01,2026-08-22,20,685.2,771.5,854.2,0.15,none,True
AUH-02,2026-08-22,20,499.6,562.6,622.9,0.15,none,True
AUH-03,2026-08-22,20,371.1,417.9,462.7,0.15,none,True
SHJ-01,2026-08-22,20,556.7,626.8,694.1,0.15,none,True
SHJ-02,2026-08-22,20,428.2,482.2,533.9,0.15,none,True
AAN-01,2026-08-22,20,271.2,305.4,338.1,0.15,none,True
RAK-01,2026-08-22,20,249.8,281.3,311.4,0.15,none,True
FUJ-01,2026-08-22,20,214.1,241.1,267.0,0.15,none,True
DXB-01,2026-08-23,21,750.6,854.6,954.3,0.165,none,False
DXB-02,2026-08-23,21,653.7,744.3,831.2,0.165,none,False
DXB-03,2026-08-23,21,496.3,565.1,631.1,0.165,none,False
DXB-04,2026-08-23,21,369.2,420.4,469.5,0.165,none,False
AUH-01,2026-08-23,21,581.1,661.6,738.8,0.165,none,False
AUH-02,2026-08-23,21,423.7,482.4,538.7,0.165,none,False
AUH-03,2026-08-23,21,314.8,358.4,400.2,0.165,none,False
SHJ-01,2026-08-23,21,472.1,537.6,600.3,0.165,none,False
SHJ-02,2026-08-23,21,363.2,413.5,461.8,0.165,none,False
AAN-01,2026-08-23,21,230.0,261.9,292.4,0.165,none,False
RAK-01,2026-08-23,21,211.9,241.2,269.4,0.165,none,False
FUJ-01,2026-08-23,21,181.6,206.8,230.9,0.165,none,False
DXB-01,2026-08-24,22,751.1,855.2,955.0,0.165,none,False
DXB-02,2026-08-24,22,654.2,744.9,831.8,0.165,none,False
DXB-03,2026-08-24,22,496.7,565.6,631.5,0.165,none,False
DXB-04,2026-08-24,22,369.5,420.7,469.8,0.165,none,False
AUH-01,2026-08-24,22,581.5,662.1,739.4,0.165,none,False
AUH-02,2026-08-24,22,424.0,482.8,539.1,0.165,none,False
AUH-03,2026-08-24,22,315.0,358.6,400.5,0.165,none,False
SHJ-01,2026-08-24,22,472.5,538.0,600.7,0.165,none,False
SHJ-02,2026-08-24,22,363.4,413.8,462.1,0.165,none,False
AAN-01,2026-08-24,22,230.2,262.1,292.7,0.165,none,False
RAK-01,2026-08-24,22,212.0,241.4,269.6,0.165,none,False
FUJ-01,2026-08-24,22,181.7,206.9,231.0,0.165,none,False
DXB-01,2026-08-25,23,751.7,855.9,955.7,0.165,none,False
DXB-02,2026-08-25,23,654.7,745.4,832.4,0.165,none,False
DXB-03,2026-08-25,23,497.1,566.0,632.0,0.165,none,False
DXB-04,2026-08-25,23,369.8,421.0,470.2,0.165,none,False
AUH-01,2026-08-25,23,582.0,662.6,739.9,0.165,none,False
AUH-02,2026-08-25,23,424.3,483.2,539.5,0.165,none,False
AUH-03,2026-08-25,23,315.2,358.9,400.8,0.165,none,False
SHJ-01,2026-08-25,23,472.8,538.4,601.2,0.165,none,False
SHJ-02,2026-08-25,23,363.7,414.1,462.4,0.165,none,False
AAN-01,2026-08-25,23,230.4,262.3,292.9,0.165,none,False
RAK-01,2026-08-25,23,212.2,241.6,269.8,0.165,none,False
FUJ-01,2026-08-25,23,181.9,207.1,231.2,0.165,none,False
DXB-01,2026-08-26,24,752.2,856.5,956.4,0.165,none,False
DXB-02,2026-08-26,24,655.2,746.0,833.0,0.165,none,False
DXB-03,2026-08-26,24,497.5,566.4,632.5,0.165,none,False
DXB-04,2026-08-26,24,370.1,421.3,470.5,0.165,none,False
AUH-01,2026-08-26,24,582.4,663.1,740.5,0.165,none,False
AUH-02,2026-08-26,24,424.7,483.5,539.9,0.165,none,False
AUH-03,2026-08-26,24,315.5,359.2,401.1,0.165,none,False
SHJ-01,2026-08-26,24,473.2,538.8,601.6,0.165,none,False
SHJ-02,2026-08-26,24,364.0,414.4,462.8,0.165,none,False
AAN-01,2026-08-26,24,230.5,262.5,293.1,0.165,none,False
RAK-01,2026-08-26,24,212.3,241.8,270.0,0.165,none,False
FUJ-01,2026-08-26,24,182.0,207.2,231.4,0.165,none,False
DXB-01,2026-08-27,25,752.8,857.1,957.1,0.165,none,False
DXB-02,2026-08-27,25,655.7,746.5,833.6,0.165,none,False
DXB-03,2026-08-27,25,497.8,566.8,632.9,0.165,none,False
DXB-04,2026-08-27,25,370.3,421.7,470.8,0.165,none,False
AUH-01,2026-08-27,25,582.8,663.6,741.0,0.165,none,False
AUH-02,2026-08-27,25,425.0,483.9,540.3,0.165,none,False
AUH-03,2026-08-27,25,315.7,359.4,401.4,0.165,none,False
SHJ-01,2026-08-27,25,473.5,539.2,602.1,0.165,none,False
SHJ-02,2026-08-27,25,364.3,414.7,463.1,0.165,none,False
AAN-01,2026-08-27,25,230.7,262.7,293.3,0.165,none,False
RAK-01,2026-08-27,25,212.5,241.9,270.2,0.165,none,False
FUJ-01,2026-08-27,25,182.1,207.4,231.6,0.165,none,False
DXB-01,2026-08-28,26,889.0,1012.2,1130.3,0.165,none,True
DXB-02,2026-08-28,26,774.3,881.6,984.4,0.165,none,True
DXB-03,2026-08-28,26,587.9,669.3,747.4,0.165,none,True
DXB-04,2026-08-28,26,437.3,497.9,556.0,0.165,none,True
AUH-01,2026-08-28,26,688.2,783.6,875.0,0.165,none,True
AUH-02,2026-08-28,26,501.8,571.4,638.0,0.165,none,True
AUH-03,2026-08-28,26,372.8,424.5,474.0,0.165,none,True
SHJ-01,2026-08-28,26,559.2,636.7,711.0,0.165,none,True
SHJ-02,2026-08-28,26,430.1,489.8,546.9,0.165,none,True
AAN-01,2026-08-28,26,272.4,310.2,346.4,0.165,none,True
RAK-01,2026-08-28,26,250.9,285.7,319.0,0.165,none,True
FUJ-01,2026-08-28,26,215.1,244.9,273.4,0.165,none,True
DXB-01,2026-08-29,27,889.6,1012.9,1131.1,0.165,none,True
DXB-02,2026-08-29,27,774.8,882.2,985.1,0.165,none,True
DXB-03,2026-08-29,27,588.3,669.8,748.0,0.165,none,True
DXB-04,2026-08-29,27,437.6,498.3,556.4,0.165,none,True
AUH-01,2026-08-29,27,688.7,784.2,875.7,0.165,none,True
AUH-02,2026-08-29,27,502.2,571.8,638.5,0.165,none,True
AUH-03,2026-08-29,27,373.1,424.8,474.3,0.165,none,True
SHJ-01,2026-08-29,27,559.6,637.2,711.5,0.165,none,True
SHJ-02,2026-08-29,27,430.5,490.1,547.3,0.165,none,True
AAN-01,2026-08-29,27,272.6,310.4,346.6,0.165,none,True
RAK-01,2026-08-29,27,251.1,285.9,319.3,0.165,none,True
FUJ-01,2026-08-29,27,215.2,245.1,273.7,0.165,none,True
DXB-01,2026-08-30,28,754.5,868.6,977.9,0.18,none,False
DXB-02,2026-08-30,28,657.1,756.5,851.7,0.18,none,False
DXB-03,2026-08-30,28,498.9,574.4,646.7,0.18,none,False
DXB-04,2026-08-30,28,371.2,427.3,481.1,0.18,none,False
AUH-01,2026-08-30,28,584.1,672.4,757.1,0.18,none,False
AUH-02,2026-08-30,28,425.9,490.3,552.0,0.18,none,False
AUH-03,2026-08-30,28,316.4,364.2,410.1,0.18,none,False
SHJ-01,2026-08-30,28,474.6,546.3,615.1,0.18,none,False
SHJ-02,2026-08-30,28,365.1,420.3,473.2,0.18,none,False
AAN-01,2026-08-30,28,231.2,266.2,299.7,0.18,none,False
RAK-01,2026-08-30,28,213.0,245.2,276.0,0.18,none,False
FUJ-01,2026-08-30,28,182.5,210.1,236.6,0.18,none,False
DXB-01,2026-08-31,29,755.0,869.2,978.6,0.18,none,False
DXB-02,2026-08-31,29,657.6,757.0,852.3,0.18,none,False
DXB-03,2026-08-31,29,499.3,574.8,647.1,0.18,none,False
DXB-04,2026-08-31,29,371.4,427.6,481.4,0.18,none,False
AUH-01,2026-08-31,29,584.5,672.9,757.6,0.18,none,False
AUH-02,2026-08-31,29,426.2,490.7,552.4,0.18,none,False
AUH-03,2026-08-31,29,316.6,364.5,410.4,0.18,none,False
SHJ-01,2026-08-31,29,474.9,546.8,615.6,0.18,none,False
SHJ-02,2026-08-31,29,365.3,420.6,473.5,0.18,none,False
AAN-01,2026-08-31,29,231.4,266.4,299.9,0.18,none,False
RAK-01,2026-08-31,29,213.1,245.3,276.2,0.18,none,False
FUJ-01,2026-08-31,29,182.7,210.3,236.8,0.18,none,False
DXB-01,2026-09-01,30,755.6,869.8,979.3,0.18,none,False
DXB-02,2026-09-01,30,658.1,757.6,853.0,0.18,none,False
DXB-03,2026-09-01,30,499.7,575.2,647.6,0.18,none,False
DXB-04,2026-09-01,30,371.7,427.9,481.8,0.18,none,False
AUH-01,2026-09-01,30,585.0,673.4,758.2,0.18,none,False
AUH-02,2026-09-01,30,426.5,491.0,552.8,0.18,none,False
AUH-03,2026-09-01,30,316.9,364.8,410.7,0.18,none,False
SHJ-01,2026-09-01,30,475.3,547.2,616.0,0.18,none,False
SHJ-02,2026-09-01,30,365.6,420.9,473.9,0.18,none,False
AAN-01,2026-09-01,30,231.6,266.6,300.1,0.18,none,False
RAK-01,2026-09-01,30,213.3,245.5,276.4,0.18,none,False
FUJ-01,2026-09-01,30,182.8,210.4,236.9,0.18,none,False
DXB-01,2026-09-02,31,756.2,870.5,980.0,0.18,none,False
DXB-02,2026-09-02,31,658.6,758.2,853.6,0.18,none,False
DXB-03,2026-09-02,31,500.0,575.6,648.1,0.18,none,False
DXB-04,2026-09-02,31,372.0,428.2,482.1,0.18,none,False
AUH-01,2026-09-02,31,585.4,673.9,758.7,0.18,none,False
AUH-02,2026-09-02,31,426.9,491.4,553.3,0.18,none,False
AUH-03,2026-09-02,31,317.1,365.0,411.0,0.18,none,False
SHJ-01,2026-09-02,31,475.6,547.6,616.5,0.18,none,False
SHJ-02,2026-09-02,31,365.9,421.2,474.2,0.18,none,False
AAN-01,2026-09-02,31,231.7,266.8,300.3,0.18,none,False
RAK-01,2026-09-02,31,213.4,245.7,276.6,0.18,none,False
FUJ-01,2026-09-02,31,182.9,210.6,237.1,0.18,none,False
DXB-01,2026-09-03,32,756.7,871.1,980.8,0.18,none,False
DXB-02,2026-09-03,32,659.1,758.7,854.2,0.18,none,False
DXB-03,2026-09-03,32,500.4,576.1,648.6,0.18,none,False
DXB-04,2026-09-03,32,372.3,428.5,482.5,0.18,none,False
AUH-01,2026-09-03,32,585.8,674.4,759.3,0.18,none,False
AUH-02,2026-09-03,32,427.2,491.8,553.7,0.18,none,False
AUH-03,2026-09-03,32,317.3,365.3,411.3,0.18,none,False
SHJ-01,2026-09-03,32,476.0,548.0,616.9,0.18,none,False
SHJ-02,2026-09-03,32,366.1,421.5,474.6,0.18,none,False
AAN-01,2026-09-03,32,231.9,267.0,300.6,0.18,none,False
RAK-01,2026-09-03,32,213.6,245.9,276.8,0.18,none,False
FUJ-01,2026-09-03,32,183.1,210.8,237.3,0.18,none,False
DXB-01,2026-09-04,33,893.6,1028.7,1158.2,0.18,none,True
DXB-02,2026-09-04,33,778.3,896.0,1008.7,0.18,none,True
DXB-03,2026-09-04,33,590.9,680.3,765.9,0.18,none,True
DXB-04,2026-09-04,33,439.6,506.0,569.7,0.18,none,True
AUH-01,2026-09-04,33,691.8,796.4,896.6,0.18,none,True
AUH-02,2026-09-04,33,504.4,580.7,653.8,0.18,none,True
AUH-03,2026-09-04,33,374.7,431.4,485.7,0.18,none,True
SHJ-01,2026-09-04,33,562.1,647.1,728.5,0.18,none,True
SHJ-02,2026-09-04,33,432.4,497.8,560.4,0.18,none,True
AAN-01,2026-09-04,33,273.8,315.2,354.9,0.18,none,True
RAK-01,2026-09-04,33,252.2,290.4,326.9,0.18,none,True
FUJ-01,2026-09-04,33,216.2,248.9,280.2,0.18,none,True
DXB-01,2026-09-05,34,894.2,1029.4,1159.0,0.18,none,True
DXB-02,2026-09-05,34,778.8,896.6,1009.5,0.18,none,True
DXB-03,2026-09-05,34,591.3,680.8,766.4,0.18,none,True
DXB-04,2026-09-05,34,439.9,506.4,570.2,0.18,none,True
AUH-01,2026-09-05,34,692.3,797.0,897.3,0.18,none,True
AUH-02,2026-09-05,34,504.8,581.1,654.3,0.18,none,True
AUH-03,2026-09-05,34,375.0,431.7,486.0,0.18,none,True
SHJ-01,2026-09-05,34,562.5,647.6,729.1,0.18,none,True
SHJ-02,2026-09-05,34,432.7,498.1,560.8,0.18,none,True
AAN-01,2026-09-05,34,274.0,315.5,355.2,0.18,none,True
RAK-01,2026-09-05,34,252.4,290.6,327.1,0.18,none,True
FUJ-01,2026-09-05,34,216.3,249.1,280.4,0.18,none,True
DXB-01,2026-09-06,35,758.4,882.6,1001.7,0.195,none,False
DXB-02,2026-09-06,35,660.5,768.7,872.4,0.195,none,False
DXB-03,2026-09-06,35,501.5,583.7,662.4,0.195,none,False
DXB-04,2026-09-06,35,373.1,434.2,492.7,0.195,none,False
AUH-01,2026-09-06,35,587.1,683.3,775.5,0.195,none,False
AUH-02,2026-09-06,35,428.1,498.2,565.5,0.195,none,False
AUH-03,2026-09-06,35,318.0,370.1,420.0,0.195,none,False
SHJ-01,2026-09-06,35,477.0,555.2,630.1,0.195,none,False
SHJ-02,2026-09-06,35,367.0,427.1,484.7,0.195,none,False
AAN-01,2026-09-06,35,232.4,270.5,307.0,0.195,none,False
RAK-01,2026-09-06,35,214.1,249.1,282.7,0.195,none,False
FUJ-01,2026-09-06,35,183.5,213.5,242.3,0.195,none,False
DXB-01,2026-09-07,36,758.9,883.3,1002.4,0.195,none,False
DXB-02,2026-09-07,36,661.0,769.3,873.1,0.195,none,False
DXB-03,2026-09-07,36,501.9,584.1,662.9,0.195,none,False
DXB-04,2026-09-07,36,373.4,434.5,493.1,0.195,none,False
AUH-01,2026-09-07,36,587.6,683.8,776.0,0.195,none,False
AUH-02,2026-09-07,36,428.4,498.6,565.9,0.195,none,False
AUH-03,2026-09-07,36,318.3,370.4,420.4,0.195,none,False
SHJ-01,2026-09-07,36,477.4,555.6,630.5,0.195,none,False
SHJ-02,2026-09-07,36,367.2,427.4,485.0,0.195,none,False
AAN-01,2026-09-07,36,232.6,270.7,307.2,0.195,none,False
RAK-01,2026-09-07,36,214.2,249.3,282.9,0.195,none,False
FUJ-01,2026-09-07,36,183.6,213.7,242.5,0.195,none,False
DXB-01,2026-09-08,37,759.5,883.9,1003.1,0.195,none,False
DXB-02,2026-09-08,37,661.5,769.9,873.7,0.195,none,False
DXB-03,2026-09-08,37,502.3,584.5,663.4,0.195,none,False
DXB-04,2026-09-08,37,373.6,434.8,493.5,0.195,none,False
AUH-01,2026-09-08,37,588.0,684.3,776.6,0.195,none,False
AUH-02,2026-09-08,37,428.8,499.0,566.3,0.195,none,False
AUH-03,2026-09-08,37,318.5,370.7,420.7,0.195,none,False
SHJ-01,2026-09-08,37,477.8,556.0,631.0,0.195,none,False
SHJ-02,2026-09-08,37,367.5,427.7,485.4,0.195,none,False
AAN-01,2026-09-08,37,232.8,270.9,307.4,0.195,none,False
RAK-01,2026-09-08,37,214.4,249.5,283.1,0.195,none,False
FUJ-01,2026-09-08,37,183.8,213.8,242.7,0.195,none,False
DXB-01,2026-09-09,38,760.1,884.6,1003.9,0.195,none,False
DXB-02,2026-09-09,38,662.0,770.4,874.3,0.195,none,False
DXB-03,2026-09-09,38,502.6,584.9,663.8,0.195,none,False
DXB-04,2026-09-09,38,373.9,435.1,493.8,0.195,none,False
AUH-01,2026-09-09,38,588.4,684.8,777.2,0.195,none,False
AUH-02,2026-09-09,38,429.1,499.3,566.7,0.195,none,False
AUH-03,2026-09-09,38,318.7,370.9,421.0,0.195,none,False
SHJ-01,2026-09-09,38,478.1,556.4,631.5,0.195,none,False
SHJ-02,2026-09-09,38,367.8,428.0,485.7,0.195,none,False
AAN-01,2026-09-09,38,232.9,271.1,307.6,0.195,none,False
RAK-01,2026-09-09,38,214.5,249.7,283.3,0.195,none,False
FUJ-01,2026-09-09,38,183.9,214.0,242.9,0.195,none,False
DXB-01,2026-09-10,39,760.6,885.2,1004.6,0.195,none,False
DXB-02,2026-09-10,39,662.5,771.0,875.0,0.195,none,False
DXB-03,2026-09-10,39,503.0,585.4,664.3,0.195,none,False
DXB-04,2026-09-10,39,374.2,435.5,494.2,0.195,none,False
AUH-01,2026-09-10,39,588.9,685.3,777.8,0.195,none,False
AUH-02,2026-09-10,39,429.4,499.7,567.1,0.195,none,False
AUH-03,2026-09-10,39,319.0,371.2,421.3,0.195,none,False
SHJ-01,2026-09-10,39,478.5,556.8,631.9,0.195,none,False
SHJ-02,2026-09-10,39,368.0,428.3,486.1,0.195,none,False
AAN-01,2026-09-10,39,233.1,271.3,307.9,0.195,none,False
RAK-01,2026-09-10,39,214.7,249.9,283.6,0.195,none,False
FUJ-01,2026-09-10,39,184.0,214.2,243.0,0.195,none,False
DXB-01,2026-09-11,40,898.2,1045.3,1186.3,0.195,none,True
DXB-02,2026-09-11,40,782.3,910.4,1033.2,0.195,none,True
DXB-03,2026-09-11,40,594.0,691.3,784.5,0.195,none,True
DXB-04,2026-09-11,40,441.8,514.2,583.6,0.195,none,True
AUH-01,2026-09-11,40,695.4,809.3,918.4,0.195,none,True
AUH-02,2026-09-11,40,507.0,590.1,669.7,0.195,none,True
AUH-03,2026-09-11,40,376.7,438.4,497.5,0.195,none,True
SHJ-01,2026-09-11,40,565.0,657.5,746.2,0.195,none,True
SHJ-02,2026-09-11,40,434.6,505.8,574.0,0.195,none,True
AAN-01,2026-09-11,40,275.3,320.3,363.5,0.195,none,True
RAK-01,2026-09-11,40,253.5,295.0,334.8,0.195,none,True
FUJ-01,2026-09-11,40,217.3,252.9,287.0,0.195,none,True
DXB-01,2026-09-12,41,898.8,1046.1,1187.2,0.195,none,True
DXB-02,2026-09-12,41,782.9,911.1,1034.0,0.195,none,True
DXB-03,2026-09-12,41,594.4,691.8,785.1,0.195,none,True
DXB-04,2026-09-12,41,442.2,514.6,584.0,0.195,none,True
AUH-01,2026-09-12,41,695.9,809.9,919.1,0.195,none,True
AUH-02,2026-09-12,41,507.4,590.5,670.2,0.195,none,True
AUH-03,2026-09-12,41,376.9,438.7,497.8,0.195,none,True
SHJ-01,2026-09-12,41,565.4,658.0,746.8,0.195,none,True
SHJ-02,2026-09-12,41,434.9,506.2,574.4,0.195,none,True
AAN-01,2026-09-12,41,275.5,320.6,363.8,0.195,none,True
RAK-01,2026-09-12,41,253.7,295.3,335.1,0.195,none,True
FUJ-01,2026-09-12,41,217.5,253.1,287.2,0.195,none,True
DXB-01,2026-09-13,42,762.3,896.8,1025.6,0.21,none,False
DXB-02,2026-09-13,42,663.9,781.0,893.3,0.21,none,False
DXB-03,2026-09-13,42,504.1,593.0,678.2,0.21,none,False
DXB-04,2026-09-13,42,375.0,441.1,504.5,0.21,none,False
AUH-01,2026-09-13,42,590.2,694.3,794.0,0.21,none,False
AUH-02,2026-09-13,42,430.3,506.2,579.0,0.21,none,False
AUH-03,2026-09-13,42,319.7,376.1,430.1,0.21,none,False
SHJ-01,2026-09-13,42,479.5,564.1,645.2,0.21,none,False
SHJ-02,2026-09-13,42,368.9,433.9,496.3,0.21,none,False
AAN-01,2026-09-13,42,233.6,274.8,314.3,0.21,none,False
RAK-01,2026-09-13,42,215.2,253.1,289.5,0.21,none,False
FUJ-01,2026-09-13,42,184.4,217.0,248.1,0.21,none,False
DXB-01,2026-09-14,43,762.8,897.4,1026.4,0.21,none,False
DXB-02,2026-09-14,43,664.4,781.6,893.9,0.21,none,False
DXB-03,2026-09-14,43,504.5,593.5,678.7,0.21,none,False
DXB-04,2026-09-14,43,375.3,441.5,504.9,0.21,none,False
AUH-01,2026-09-14,43,590.6,694.8,794.6,0.21,none,False
AUH-02,2026-09-14,43,430.6,506.6,579.4,0.21,none,False
AUH-03,2026-09-14,43,319.9,376.3,430.4,0.21,none,False
SHJ-01,2026-09-14,43,479.9,564.5,645.6,0.21,none,False
SHJ-02,2026-09-14,43,369.1,434.2,496.6,0.21,none,False
AAN-01,2026-09-14,43,233.8,275.0,314.5,0.21,none,False
RAK-01,2026-09-14,43,215.3,253.3,289.7,0.21,none,False
FUJ-01,2026-09-14,43,184.6,217.1,248.3,0.21,none,False
DXB-01,2026-09-15,44,763.4,898.1,1027.1,0.21,none,False
DXB-02,2026-09-15,44,664.9,782.2,894.6,0.21,none,False
DXB-03,2026-09-15,44,504.8,593.9,679.2,0.21,none,False
DXB-04,2026-09-15,44,375.5,441.8,505.3,0.21,none,False
AUH-01,2026-09-15,44,591.0,695.3,795.2,0.21,none,False
AUH-02,2026-09-15,44,431.0,507.0,579.8,0.21,none,False
AUH-03,2026-09-15,44,320.1,376.6,430.7,0.21,none,False
SHJ-01,2026-09-15,44,480.2,564.9,646.1,0.21,none,False
SHJ-02,2026-09-15,44,369.4,434.6,497.0,0.21,none,False
AAN-01,2026-09-15,44,233.9,275.2,314.8,0.21,none,False
RAK-01,2026-09-15,44,215.5,253.5,289.9,0.21,none,False
FUJ-01,2026-09-15,44,184.7,217.3,248.5,0.21,none,False
DXB-01,2026-09-16,45,764.0,898.7,1027.9,0.21,none,False
DXB-02,2026-09-16,45,665.4,782.8,895.2,0.21,none,False
DXB-03,2026-09-16,45,505.2,594.3,679.7,0.21,none,False
DXB-04,2026-09-16,45,375.8,442.1,505.6,0.21,none,False
AUH-01,2026-09-16,45,591.5,695.8,795.8,0.21,none,False
AUH-02,2026-09-16,45,431.3,507.3,580.3,0.21,none,False
AUH-03,2026-09-16,45,320.4,376.9,431.0,0.21,none,False
SHJ-01,2026-09-16,45,480.6,565.3,646.6,0.21,none,False
SHJ-02,2026-09-16,45,369.7,434.9,497.4,0.21,none,False
AAN-01,2026-09-16,45,234.1,275.4,315.0,0.21,none,False
RAK-01,2026-09-16,45,215.6,253.7,290.1,0.21,none,False
FUJ-01,2026-09-16,45,184.8,217.4,248.7,0.21,none,False
DXB-01,2026-09-17,46,764.5,899.4,1028.6,0.21,none,False
DXB-02,2026-09-17,46,665.9,783.3,895.9,0.21,none,False
DXB-03,2026-09-17,46,505.6,594.8,680.2,0.21,none,False
DXB-04,2026-09-17,46,376.1,442.4,506.0,0.21,none,False
AUH-01,2026-09-17,46,591.9,696.3,796.4,0.21,none,False
AUH-02,2026-09-17,46,431.6,507.7,580.7,0.21,none,False
AUH-03,2026-09-17,46,320.6,377.2,431.4,0.21,none,False
SHJ-01,2026-09-17,46,480.9,565.7,647.0,0.21,none,False
SHJ-02,2026-09-17,46,369.9,435.2,497.7,0.21,none,False
AAN-01,2026-09-17,46,234.3,275.6,315.2,0.21,none,False
RAK-01,2026-09-17,46,215.8,253.9,290.3,0.21,none,False
FUJ-01,2026-09-17,46,185.0,217.6,248.9,0.21,none,False
DXB-01,2026-09-18,47,902.8,1062.0,1214.7,0.21,none,True
DXB-02,2026-09-18,47,786.3,925.0,1057.9,0.21,none,True
DXB-03,2026-09-18,47,597.0,702.3,803.2,0.21,none,True
DXB-04,2026-09-18,47,444.1,522.5,597.5,0.21,none,True
AUH-01,2026-09-18,47,698.9,822.2,940.4,0.21,none,True
AUH-02,2026-09-18,47,509.6,599.5,685.7,0.21,none,True
AUH-03,2026-09-18,47,378.6,445.4,509.4,0.21,none,True
SHJ-01,2026-09-18,47,567.9,668.1,764.1,0.21,none,True
SHJ-02,2026-09-18,47,436.8,513.9,587.7,0.21,none,True
AAN-01,2026-09-18,47,276.7,325.5,372.2,0.21,none,True
RAK-01,2026-09-18,47,254.8,299.8,342.8,0.21,none,True
FUJ-01,2026-09-18,47,218.4,256.9,293.9,0.21,none,True
DXB-01,2026-09-19,48,903.5,1062.8,1215.6,0.21,none,True
DXB-02,2026-09-19,48,786.9,925.7,1058.7,0.21,none,True
DXB-03,2026-09-19,48,597.4,702.8,803.8,0.21,none,True
DXB-04,2026-09-19,48,444.4,522.8,598.0,0.21,none,True
AUH-01,2026-09-19,48,699.4,822.8,941.1,0.21,none,True
AUH-02,2026-09-19,48,510.0,600.0,686.2,0.21,none,True
AUH-03,2026-09-19,48,378.9,445.7,509.7,0.21,none,True
SHJ-01,2026-09-19,48,568.3,668.5,764.6,0.21,none,True
SHJ-02,2026-09-19,48,437.2,514.3,588.2,0.21,none,True
AAN-01,2026-09-19,48,276.9,325.7,372.5,0.21,none,True
RAK-01,2026-09-19,48,255.0,300.0,343.1,0.21,none,True
FUJ-01,2026-09-19,48,218.6,257.1,294.1,0.21,none,True
DXB-01,2026-09-20,49,766.2,911.0,1049.8,0.225,none,False
DXB-02,2026-09-20,49,667.3,793.5,914.3,0.225,none,False
DXB-03,2026-09-20,49,506.7,602.4,694.2,0.225,none,False
DXB-04,2026-09-20,49,376.9,448.2,516.4,0.225,none,False
AUH-01,2026-09-20,49,593.2,705.3,812.7,0.225,none,False
AUH-02,2026-09-20,49,432.5,514.3,592.6,0.225,none,False
AUH-03,2026-09-20,49,321.3,382.0,440.2,0.225,none,False
SHJ-01,2026-09-20,49,482.0,573.1,660.3,0.225,none,False
SHJ-02,2026-09-20,49,370.7,440.8,508.0,0.225,none,False
AAN-01,2026-09-20,49,234.8,279.2,321.7,0.225,none,False
RAK-01,2026-09-20,49,216.3,257.1,296.3,0.225,none,False
FUJ-01,2026-09-20,49,185.4,220.4,254.0,0.225,none,False
DXB-01,2026-09-21,50,766.8,911.7,1050.5,0.225,none,False
DXB-02,2026-09-21,50,667.8,794.0,915.0,0.225,none,False
DXB-03,2026-09-21,50,507.0,602.9,694.7,0.225,none,False
DXB-04,2026-09-21,50,377.2,448.5,516.8,0.225,none,False
AUH-01,2026-09-21,50,593.6,705.8,813.3,0.225,none,False
AUH-02,2026-09-21,50,432.8,514.7,593.1,0.225,none,False
AUH-03,2026-09-21,50,321.5,382.3,440.6,0.225,none,False
SHJ-01,2026-09-21,50,482.3,573.5,660.8,0.225,none,False
SHJ-02,2026-09-21,50,371.0,441.1,508.3,0.225,none,False
AAN-01,2026-09-21,50,235.0,279.4,321.9,0.225,none,False
RAK-01,2026-09-21,50,216.4,257.3,296.5,0.225,none,False
FUJ-01,2026-09-21,50,185.5,220.6,254.2,0.225,none,False
DXB-01,2026-09-22,51,767.3,912.3,1051.3,0.225,none,False
DXB-02,2026-09-22,51,668.3,794.6,915.7,0.225,none,False
DXB-03,2026-09-22,51,507.4,603.3,695.2,0.225,none,False
DXB-04,2026-09-22,51,377.5,448.8,517.2,0.225,none,False
AUH-01,2026-09-22,51,594.0,706.3,813.9,0.225,none,False
AUH-02,2026-09-22,51,433.2,515.0,593.5,0.225,none,False
AUH-03,2026-09-22,51,321.8,382.6,440.9,0.225,none,False
SHJ-01,2026-09-22,51,482.7,573.9,661.3,0.225,none,False
SHJ-02,2026-09-22,51,371.3,441.5,508.7,0.225,none,False
AAN-01,2026-09-22,51,235.1,279.6,322.2,0.225,none,False
RAK-01,2026-09-22,51,216.6,257.5,296.7,0.225,none,False
FUJ-01,2026-09-22,51,185.6,220.7,254.4,0.225,none,False
DXB-01,2026-09-23,52,767.9,913.0,1052.1,0.225,none,False
DXB-02,2026-09-23,52,668.8,795.2,916.3,0.225,none,False
DXB-03,2026-09-23,52,507.8,603.8,695.7,0.225,none,False
DXB-04,2026-09-23,52,377.7,449.1,517.6,0.225,none,False
AUH-01,2026-09-23,52,594.5,706.8,814.5,0.225,none,False
AUH-02,2026-09-23,52,433.5,515.4,593.9,0.225,none,False
AUH-03,2026-09-23,52,322.0,382.9,441.2,0.225,none,False
SHJ-01,2026-09-23,52,483.0,574.3,661.8,0.225,none,False
SHJ-02,2026-09-23,52,371.5,441.8,509.1,0.225,none,False
AAN-01,2026-09-23,52,235.3,279.8,322.4,0.225,none,False
RAK-01,2026-09-23,52,216.7,257.7,297.0,0.225,none,False
FUJ-01,2026-09-23,52,185.8,220.9,254.5,0.225,none,False
DXB-01,2026-09-24,53,768.4,913.7,1052.8,0.225,none,False
DXB-02,2026-09-24,53,669.3,795.8,917.0,0.225,none,False
DXB-03,2026-09-24,53,508.2,604.2,696.2,0.225,none,False
DXB-04,2026-09-24,53,378.0,449.5,517.9,0.225,none,False
AUH-01,2026-09-24,53,594.9,707.4,815.1,0.225,none,False
AUH-02,2026-09-24,53,433.8,515.8,594.3,0.225,none,False
AUH-03,2026-09-24,53,322.2,383.1,441.5,0.225,none,False
SHJ-01,2026-09-24,53,483.4,574.7,662.3,0.225,none,False
SHJ-02,2026-09-24,53,371.8,442.1,509.4,0.225,none,False
AAN-01,2026-09-24,53,235.5,280.0,322.6,0.225,none,False
RAK-01,2026-09-24,53,216.9,257.9,297.2,0.225,none,False
FUJ-01,2026-09-24,53,185.9,221.0,254.7,0.225,none,False
DXB-01,2026-09-25,54,907.4,1078.9,1243.3,0.225,none,True
DXB-02,2026-09-25,54,790.3,939.7,1082.8,0.225,none,True
DXB-03,2026-09-25,54,600.1,713.5,822.2,0.225,none,True
DXB-04,2026-09-25,54,446.4,530.8,611.6,0.225,none,True
AUH-01,2026-09-25,54,702.5,835.3,962.5,0.225,none,True
AUH-02,2026-09-25,54,512.2,609.1,701.8,0.225,none,True
AUH-03,2026-09-25,54,380.5,452.4,521.4,0.225,none,True
SHJ-01,2026-09-25,54,570.8,678.7,782.0,0.225,none,True
SHJ-02,2026-09-25,54,439.1,522.0,601.6,0.225,none,True
AAN-01,2026-09-25,54,278.1,330.6,381.0,0.225,none,True
RAK-01,2026-09-25,54,256.1,304.5,350.9,0.225,none,True
FUJ-01,2026-09-25,54,219.5,261.0,300.8,0.225,none,True
DXB-01,2026-09-26,55,908.1,1079.7,1244.2,0.225,none,True
DXB-02,2026-09-26,55,790.9,940.4,1083.6,0.225,none,True
DXB-03,2026-09-26,55,600.5,714.0,822.7,0.225,none,True
DXB-04,2026-09-26,55,446.7,531.1,612.0,0.225,none,True
AUH-01,2026-09-26,55,703.0,835.9,963.2,0.225,none,True
AUH-02,2026-09-26,55,512.6,609.5,702.3,0.225,none,True
AUH-03,2026-09-26,55,380.8,452.8,521.7,0.225,none,True
SHJ-01,2026-09-26,55,571.2,679.2,782.6,0.225,none,True
SHJ-02,2026-09-26,55,439.4,522.4,602.0,0.225,none,True
AAN-01,2026-09-26,55,278.3,330.9,381.3,0.225,none,True
RAK-01,2026-09-26,55,256.3,304.7,351.2,0.225,none,True
FUJ-01,2026-09-26,55,219.7,261.2,301.0,0.225,none,True
DXB-01,2026-09-27,56,770.1,925.4,1074.1,0.24,none,False
DXB-02,2026-09-27,56,670.7,806.0,935.5,0.24,none,False
DXB-03,2026-09-27,56,509.3,611.9,710.3,0.24,none,False
DXB-04,2026-09-27,56,378.8,455.2,528.4,0.24,none,False
AUH-01,2026-09-27,56,596.2,716.4,831.6,0.24,none,False
AUH-02,2026-09-27,56,434.7,522.4,606.4,0.24,none,False
AUH-03,2026-09-27,56,322.9,388.1,450.4,0.24,none,False
SHJ-01,2026-09-27,56,484.4,582.1,675.7,0.24,none,False
SHJ-02,2026-09-27,56,372.6,447.8,519.7,0.24,none,False
AAN-01,2026-09-27,56,236.0,283.6,329.2,0.24,none,False
RAK-01,2026-09-27,56,217.4,261.2,303.2,0.24,none,False
FUJ-01,2026-09-27,56,186.3,223.9,259.9,0.24,none,False
DXB-01,2026-09-28,57,770.7,926.0,1074.9,0.24,none,False
DXB-02,2026-09-28,57,671.2,806.5,936.2,0.24,none,False
DXB-03,2026-09-28,57,509.6,612.4,710.8,0.24,none,False
DXB-04,2026-09-28,57,379.1,455.5,528.8,0.24,none,False
AUH-01,2026-09-28,57,596.6,716.9,832.2,0.24,none,False
AUH-02,2026-09-28,57,435.0,522.8,606.8,0.24,none,False
AUH-03,2026-09-28,57,323.2,388.3,450.8,0.24,none,False
SHJ-01,2026-09-28,57,484.8,582.5,676.2,0.24,none,False
SHJ-02,2026-09-28,57,372.9,448.1,520.1,0.24,none,False
AAN-01,2026-09-28,57,236.2,283.8,329.4,0.24,none,False
RAK-01,2026-09-28,57,217.5,261.4,303.4,0.24,none,False
FUJ-01,2026-09-28,57,186.4,224.0,260.1,0.24,none,False
DXB-01,2026-09-29,58,771.2,926.7,1075.7,0.24,none,False
DXB-02,2026-09-29,58,671.7,807.1,936.9,0.24,none,False
DXB-03,2026-09-29,58,510.0,612.8,711.3,0.24,none,False
DXB-04,2026-09-29,58,379.4,455.9,529.2,0.24,none,False
AUH-01,2026-09-29,58,597.1,717.4,832.8,0.24,none,False
AUH-02,2026-09-29,58,435.4,523.1,607.2,0.24,none,False
AUH-03,2026-09-29,58,323.4,388.6,451.1,0.24,none,False
SHJ-01,2026-09-29,58,485.1,582.9,676.6,0.24,none,False
SHJ-02,2026-09-29,58,373.2,448.4,520.5,0.24,none,False
AAN-01,2026-09-29,58,236.3,284.0,329.6,0.24,none,False
RAK-01,2026-09-29,58,217.7,261.6,303.6,0.24,none,False
FUJ-01,2026-09-29,58,186.6,224.2,260.2,0.24,none,False
DXB-01,2026-09-30,59,771.8,927.4,1076.5,0.24,none,False
DXB-02,2026-09-30,59,672.2,807.7,937.6,0.24,none,False
DXB-03,2026-09-30,59,510.4,613.3,711.9,0.24,none,False
DXB-04,2026-09-30,59,379.7,456.2,529.6,0.24,none,False
AUH-01,2026-09-30,59,597.5,718.0,833.4,0.24,none,False
AUH-02,2026-09-30,59,435.7,523.5,607.7,0.24,none,False
AUH-03,2026-09-30,59,323.6,388.9,451.4,0.24,none,False
SHJ-01,2026-09-30,59,485.5,583.3,677.1,0.24,none,False
SHJ-02,2026-09-30,59,373.4,448.7,520.9,0.24,none,False
AAN-01,2026-09-30,59,236.5,284.2,329.9,0.24,none,False
RAK-01,2026-09-30,59,217.8,261.8,303.8,0.24,none,False
FUJ-01,2026-09-30,59,186.7,224.4,260.4,0.24,none,False
DXB-01,2026-10-01,60,772.3,928.0,1077.3,0.24,none,False
DXB-02,2026-10-01,60,672.7,808.3,938.3,0.24,none,False
DXB-03,2026-10-01,60,510.7,613.7,712.4,0.24,none,False
DXB-04,2026-10-01,60,379.9,456.5,529.9,0.24,none,False
AUH-01,2026-10-01,60,597.9,718.5,834.0,0.24,none,False
AUH-02,2026-10-01,60,436.0,523.9,608.1,0.24,none,False
AUH-03,2026-10-01,60,323.9,389.2,451.8,0.24,none,False
SHJ-01,2026-10-01,60,485.8,583.8,677.6,0.24,none,False
SHJ-02,2026-10-01,60,373.7,449.0,521.3,0.24,none,False
AAN-01,2026-10-01,60,236.7,284.4,330.1,0.24,none,False
RAK-01,2026-10-01,60,218.0,261.9,304.1,0.24,none,False
FUJ-01,2026-10-01,60,186.9,224.5,260.6,0.24,none,False
DXB-01,2026-10-02,61,912.0,1095.9,1272.1,0.24,none,True
DXB-02,2026-10-02,61,794.3,954.5,1107.9,0.24,none,True
DXB-03,2026-10-02,61,603.1,724.7,841.2,0.24,none,True
DXB-04,2026-10-02,61,448.7,539.1,625.8,0.24,none,True
AUH-01,2026-10-02,61,706.1,848.4,984.8,0.24,none,True
AUH-02,2026-10-02,61,514.8,618.6,718.1,0.24,none,True
AUH-03,2026-10-02,61,382.5,459.6,533.5,0.24,none,True
SHJ-01,2026-10-02,61,573.7,689.3,800.2,0.24,none,True
SHJ-02,2026-10-02,61,441.3,530.3,615.5,0.24,none,True
AAN-01,2026-10-02,61,279.5,335.8,389.8,0.24,none,True
RAK-01,2026-10-02,61,257.4,309.3,359.1,0.24,none,True
FUJ-01,2026-10-02,61,220.6,265.1,307.8,0.24,none,True
DXB-01,2026-10-03,62,912.7,1096.7,1273.0,0.24,none,True
DXB-02,2026-10-03,62,794.9,955.2,1108.7,0.24,none,True
DXB-03,2026-10-03,62,603.5,725.2,841.8,0.24,none,True
DXB-04,2026-10-03,62,449.0,539.5,626.2,0.24,none,True
AUH-01,2026-10-03,62,706.6,849.0,985.5,0.24,none,True
AUH-02,2026-10-03,62,515.2,619.1,718.6,0.24,none,True
AUH-03,2026-10-03,62,382.7,459.9,533.8,0.24,none,True
SHJ-01,2026-10-03,62,574.1,689.8,800.8,0.24,none,True
SHJ-02,2026-10-03,62,441.6,530.6,616.0,0.24,none,True
AAN-01,2026-10-03,62,279.7,336.1,390.1,0.24,none,True
RAK-01,2026-10-03,62,257.6,309.5,359.3,0.24,none,True
FUJ-01,2026-10-03,62,220.8,265.3,308.0,0.24,none,True
DXB-01,2026-10-04,63,774.0,939.8,1098.7,0.255,none,False
DXB-02,2026-10-04,63,674.1,818.5,956.9,0.255,none,False
DXB-03,2026-10-04,63,511.8,621.5,726.5,0.255,none,False
DXB-04,2026-10-04,63,380.8,462.3,540.5,0.255,none,False
AUH-01,2026-10-04,63,599.2,727.6,850.6,0.255,none,False
AUH-02,2026-10-04,63,436.9,530.5,620.2,0.255,none,False
AUH-03,2026-10-04,63,324.6,394.1,460.7,0.255,none,False
SHJ-01,2026-10-04,63,486.9,591.2,691.1,0.255,none,False
SHJ-02,2026-10-04,63,374.5,454.7,531.6,0.255,none,False
AAN-01,2026-10-04,63,237.2,288.0,336.7,0.255,none,False
RAK-01,2026-10-04,63,218.5,265.3,310.1,0.255,none,False
FUJ-01,2026-10-04,63,187.3,227.4,265.8,0.255,none,False
DXB-01,2026-10-05,64,774.6,940.5,1099.5,0.255,none,False
DXB-02,2026-10-05,64,674.6,819.1,957.6,0.255,none,False
DXB-03,2026-10-05,64,512.2,621.9,727.1,0.255,none,False
DXB-04,2026-10-05,64,381.0,462.7,540.9,0.255,none,False
AUH-01,2026-10-05,64,599.7,728.1,851.2,0.255,none,False
AUH-02,2026-10-05,64,437.3,530.9,620.7,0.255,none,False
AUH-03,2026-10-05,64,324.8,394.4,461.1,0.255,none,False
SHJ-01,2026-10-05,64,487.2,591.6,691.6,0.255,none,False
SHJ-02,2026-10-05,64,374.8,455.1,532.0,0.255,none,False
AAN-01,2026-10-05,64,237.4,288.2,336.9,0.255,none,False
RAK-01,2026-10-05,64,218.6,265.5,310.3,0.255,none,False
FUJ-01,2026-10-05,64,187.4,227.5,266.0,0.255,none,False
DXB-01,2026-10-06,65,775.1,941.2,1100.3,0.255,none,False
DXB-02,2026-10-06,65,675.1,819.7,958.3,0.255,none,False
DXB-03,2026-10-06,65,512.6,622.4,727.6,0.255,none,False
DXB-04,2026-10-06,65,381.3,463.0,541.3,0.255,none,False
AUH-01,2026-10-06,65,600.1,728.6,851.8,0.255,none,False
AUH-02,2026-10-06,65,437.6,531.3,621.1,0.255,none,False
AUH-03,2026-10-06,65,325.1,394.7,461.4,0.255,none,False
SHJ-01,2026-10-06,65,487.6,592.0,692.1,0.255,none,False
SHJ-02,2026-10-06,65,375.1,455.4,532.4,0.255,none,False
AAN-01,2026-10-06,65,237.5,288.4,337.2,0.255,none,False
RAK-01,2026-10-06,65,218.8,265.6,310.6,0.255,none,False
FUJ-01,2026-10-06,65,187.5,227.7,266.2,0.255,none,False
DXB-01,2026-10-07,66,775.7,941.8,1101.1,0.255,none,False
DXB-02,2026-10-07,66,675.6,820.3,959.0,0.255,none,False
DXB-03,2026-10-07,66,513.0,622.8,728.1,0.255,none,False
DXB-04,2026-10-07,66,381.6,463.3,541.7,0.255,none,False
AUH-01,2026-10-07,66,600.5,729.2,852.4,0.255,none,False
AUH-02,2026-10-07,66,437.9,531.7,621.6,0.255,none,False
AUH-03,2026-10-07,66,325.3,395.0,461.7,0.255,none,False
SHJ-01,2026-10-07,66,487.9,592.4,692.6,0.255,none,False
SHJ-02,2026-10-07,66,375.3,455.7,532.8,0.255,none,False
AAN-01,2026-10-07,66,237.7,288.6,337.4,0.255,none,False
RAK-01,2026-10-07,66,218.9,265.8,310.8,0.255,none,False
FUJ-01,2026-10-07,66,187.7,227.9,266.4,0.255,none,False
DXB-01,2026-10-08,67,776.2,942.5,1101.9,0.255,none,False
DXB-02,2026-10-08,67,676.1,820.9,959.7,0.255,none,False
DXB-03,2026-10-08,67,513.3,623.3,728.6,0.255,none,False
DXB-04,2026-10-08,67,381.9,463.7,542.0,0.255,none,False
AUH-01,2026-10-08,67,601.0,729.7,853.0,0.255,none,False
AUH-02,2026-10-08,67,438.2,532.1,622.0,0.255,none,False
AUH-03,2026-10-08,67,325.5,395.2,462.1,0.255,none,False
SHJ-01,2026-10-08,67,488.3,592.9,693.1,0.255,none,False
SHJ-02,2026-10-08,67,375.6,456.1,533.2,0.255,none,False
AAN-01,2026-10-08,67,237.9,288.8,337.7,0.255,none,False
RAK-01,2026-10-08,67,219.1,266.0,311.0,0.255,none,False
FUJ-01,2026-10-08,67,187.8,228.0,266.6,0.255,none,False
DXB-01,2026-10-09,68,916.6,1113.0,1301.1,0.255,none,True
DXB-02,2026-10-09,68,798.3,969.4,1133.2,0.255,none,True
DXB-03,2026-10-09,68,606.2,736.0,860.4,0.255,none,True
DXB-04,2026-10-09,68,450.9,547.5,640.1,0.255,none,True
AUH-01,2026-10-09,68,709.6,861.6,1007.3,0.255,none,True
AUH-02,2026-10-09,68,517.4,628.3,734.5,0.255,none,True
AUH-03,2026-10-09,68,384.4,466.7,545.6,0.255,none,True
SHJ-01,2026-10-09,68,576.6,700.1,818.4,0.255,none,True
SHJ-02,2026-10-09,68,443.5,538.5,629.6,0.255,none,True
AAN-01,2026-10-09,68,280.9,341.1,398.7,0.255,none,True
RAK-01,2026-10-09,68,258.7,314.1,367.3,0.255,none,True
FUJ-01,2026-10-09,68,221.8,269.3,314.8,0.255,none,True
DXB-01,2026-10-10,69,917.3,1113.8,1302.1,0.255,none,True
DXB-02,2026-10-10,69,798.9,970.1,1134.0,0.255,none,True
DXB-03,2026-10-10,69,606.6,736.5,861.0,0.255,none,True
DXB-04,2026-10-10,69,451.2,547.9,640.5,0.255,none,True
AUH-01,2026-10-10,69,710.2,862.3,1008.0,0.255,none,True
AUH-02,2026-10-10,69,517.8,628.7,735.0,0.255,none,True
AUH-03,2026-10-10,69,384.7,467.1,546.0,0.255,none,True
SHJ-01,2026-10-10,69,577.0,700.6,819.0,0.255,none,True
SHJ-02,2026-10-10,69,443.8,538.9,630.0,0.255,none,True
AAN-01,2026-10-10,69,281.1,341.3,399.0,0.255,none,True
RAK-01,2026-10-10,69,258.9,314.4,367.5,0.255,none,True
FUJ-01,2026-10-10,69,221.9,269.5,315.0,0.255,none,True
DXB-01,2026-10-11,70,777.9,954.3,1123.4,0.27,none,False
DXB-02,2026-10-11,70,677.5,831.2,978.5,0.27,none,False
DXB-03,2026-10-11,70,514.4,631.1,742.9,0.27,none,False
DXB-04,2026-10-11,70,382.7,469.5,552.7,0.27,none,False
AUH-01,2026-10-11,70,602.3,738.8,869.7,0.27,none,False
AUH-02,2026-10-11,70,439.1,538.7,634.2,0.27,none,False
AUH-03,2026-10-11,70,326.2,400.2,471.1,0.27,none,False
SHJ-01,2026-10-11,70,489.3,600.3,706.7,0.27,none,False
SHJ-02,2026-10-11,70,376.4,461.8,543.6,0.27,none,False
AAN-01,2026-10-11,70,238.4,292.5,344.3,0.27,none,False
RAK-01,2026-10-11,70,219.6,269.4,317.1,0.27,none,False
FUJ-01,2026-10-11,70,188.2,230.9,271.8,0.27,none,False
DXB-01,2026-10-12,71,778.5,955.0,1124.2,0.27,none,False
DXB-02,2026-10-12,71,678.0,831.8,979.2,0.27,none,False
DXB-03,2026-10-12,71,514.8,631.6,743.4,0.27,none,False
DXB-04,2026-10-12,71,383.0,469.8,553.0,0.27,none,False
AUH-01,2026-10-12,71,602.7,739.4,870.4,0.27,none,False
AUH-02,2026-10-12,71,439.5,539.1,634.6,0.27,none,False
AUH-03,2026-10-12,71,326.5,400.5,471.5,0.27,none,False
SHJ-01,2026-10-12,71,489.7,600.7,707.2,0.27,none,False
SHJ-02,2026-10-12,71,376.7,462.1,544.0,0.27,none,False
AAN-01,2026-10-12,71,238.6,292.7,344.5,0.27,none,False
RAK-01,2026-10-12,71,219.7,269.6,317.3,0.27,none,False
FUJ-01,2026-10-12,71,188.3,231.1,272.0,0.27,none,False
DXB-01,2026-10-13,72,779.0,955.7,1125.0,0.27,none,False
DXB-02,2026-10-13,72,678.5,832.4,979.9,0.27,none,False
DXB-03,2026-10-13,72,515.2,632.0,744.0,0.27,none,False
DXB-04,2026-10-13,72,383.2,470.1,553.4,0.27,none,False
AUH-01,2026-10-13,72,603.1,739.9,871.0,0.27,none,False
AUH-02,2026-10-13,72,439.8,539.5,635.1,0.27,none,False
AUH-03,2026-10-13,72,326.7,400.8,471.8,0.27,none,False
SHJ-01,2026-10-13,72,490.0,601.2,707.7,0.27,none,False
SHJ-02,2026-10-13,72,376.9,462.4,544.4,0.27,none,False
AAN-01,2026-10-13,72,238.7,292.9,344.8,0.27,none,False
RAK-01,2026-10-13,72,219.9,269.8,317.6,0.27,none,False
FUJ-01,2026-10-13,72,188.5,231.2,272.2,0.27,none,False
DXB-01,2026-10-14,73,779.6,956.4,1125.8,0.27,none,False
DXB-02,2026-10-14,73,679.0,833.0,980.6,0.27,none,False
DXB-03,2026-10-14,73,515.5,632.5,744.5,0.27,none,False
DXB-04,2026-10-14,73,383.5,470.5,553.8,0.27,none,False
AUH-01,2026-10-14,73,603.6,740.4,871.6,0.27,none,False
AUH-02,2026-10-14,73,440.1,539.9,635.6,0.27,none,False
AUH-03,2026-10-14,73,326.9,401.1,472.1,0.27,none,False
SHJ-01,2026-10-14,73,490.4,601.6,708.2,0.27,none,False
SHJ-02,2026-10-14,73,377.2,462.8,544.8,0.27,none,False
AAN-01,2026-10-14,73,238.9,293.1,345.0,0.27,none,False
RAK-01,2026-10-14,73,220.0,270.0,317.8,0.27,none,False
FUJ-01,2026-10-14,73,188.6,231.4,272.4,0.27,none,False
DXB-01,2026-10-15,74,780.1,957.1,1126.6,0.27,none,False
DXB-02,2026-10-15,74,679.5,833.6,981.3,0.27,none,False
DXB-03,2026-10-15,74,515.9,632.9,745.0,0.27,none,False
DXB-04,2026-10-15,74,383.8,470.8,554.2,0.27,none,False
AUH-01,2026-10-15,74,604.0,741.0,872.2,0.27,none,False
AUH-02,2026-10-15,74,440.4,540.3,636.0,0.27,none,False
AUH-03,2026-10-15,74,327.2,401.4,472.5,0.27,none,False
SHJ-01,2026-10-15,74,490.7,602.0,708.7,0.27,none,False
SHJ-02,2026-10-15,74,377.5,463.1,545.2,0.27,none,False
AAN-01,2026-10-15,74,239.1,293.3,345.3,0.27,none,False
RAK-01,2026-10-15,74,220.2,270.1,318.0,0.27,none,False
FUJ-01,2026-10-15,74,188.7,231.6,272.6,0.27,none,False
DXB-01,2026-10-16,75,921.2,1130.2,1330.4,0.27,none,True
DXB-02,2026-10-16,75,802.4,984.3,1158.7,0.27,none,True
DXB-03,2026-10-16,75,609.2,747.4,879.8,0.27,none,True
DXB-04,2026-10-16,75,453.2,556.0,654.5,0.27,none,True
AUH-01,2026-10-16,75,713.2,875.0,1030.0,0.27,none,True
AUH-02,2026-10-16,75,520.0,638.0,751.0,0.27,none,True
AUH-03,2026-10-16,75,386.3,473.9,557.9,0.27,none,True
SHJ-01,2026-10-16,75,579.5,710.9,836.9,0.27,none,True
SHJ-02,2026-10-16,75,445.8,546.9,643.7,0.27,none,True
AAN-01,2026-10-16,75,282.3,346.3,407.7,0.27,none,True
RAK-01,2026-10-16,75,260.0,319.0,375.5,0.27,none,True
FUJ-01,2026-10-16,75,222.9,273.4,321.9,0.27,none,True
DXB-01,2026-10-17,76,921.9,1131.0,1331.3,0.27,none,True
DXB-02,2026-10-17,76,802.9,985.0,1159.6,0.27,none,True
DXB-03,2026-10-17,76,609.6,747.9,880.4,0.27,none,True
DXB-04,2026-10-17,76,453.5,556.4,654.9,0.27,none,True
AUH-01,2026-10-17,76,713.7,875.6,1030.7,0.27,none,True
AUH-02,2026-10-17,76,520.4,638.5,751.6,0.27,none,True
AUH-03,2026-10-17,76,386.6,474.3,558.3,0.27,none,True
SHJ-01,2026-10-17,76,579.9,711.4,837.5,0.27,none,True
SHJ-02,2026-10-17,76,446.1,547.2,644.2,0.27,none,True
AAN-01,2026-10-17,76,282.5,346.6,408.0,0.27,none,True
RAK-01,2026-10-17,76,260.2,319.2,375.8,0.27,none,True
FUJ-01,2026-10-17,76,223.0,273.6,322.1,0.27,none,True
DXB-01,2026-10-18,77,781.8,969.0,1148.4,0.285,none,False
DXB-02,2026-10-18,77,680.9,844.0,1000.2,0.285,none,False
DXB-03,2026-10-18,77,517.0,640.8,759.4,0.285,none,False
DXB-04,2026-10-18,77,384.6,476.7,564.9,0.285,none,False
AUH-01,2026-10-18,77,605.3,750.2,889.1,0.285,none,False
AUH-02,2026-10-18,77,441.4,547.0,648.3,0.285,none,False
AUH-03,2026-10-18,77,327.9,406.3,481.6,0.285,none,False
SHJ-01,2026-10-18,77,491.8,609.5,722.4,0.285,none,False
SHJ-02,2026-10-18,77,378.3,468.9,555.7,0.285,none,False
AAN-01,2026-10-18,77,239.6,296.9,351.9,0.285,none,False
RAK-01,2026-10-18,77,220.7,273.5,324.1,0.285,none,False
FUJ-01,2026-10-18,77,189.2,234.4,277.8,0.285,none,False
DXB-01,2026-10-19,78,782.4,969.7,1149.2,0.285,none,False
DXB-02,2026-10-19,78,681.4,844.6,1000.9,0.285,none,False
DXB-03,2026-10-19,78,517.4,641.2,759.9,0.285,none,False
DXB-04,2026-10-19,78,384.9,477.0,565.3,0.285,none,False
AUH-01,2026-10-19,78,605.7,750.7,889.7,0.285,none,False
AUH-02,2026-10-19,78,441.7,547.4,648.7,0.285,none,False
AUH-03,2026-10-19,78,328.1,406.6,481.9,0.285,none,False
SHJ-01,2026-10-19,78,492.1,610.0,722.9,0.285,none,False
SHJ-02,2026-10-19,78,378.6,469.2,556.1,0.285,none,False
AAN-01,2026-10-19,78,239.8,297.2,352.2,0.285,none,False
RAK-01,2026-10-19,78,220.8,273.7,324.4,0.285,none,False
FUJ-01,2026-10-19,78,189.3,234.6,278.0,0.285,none,False
DXB-01,2026-10-20,79,782.9,970.4,1150.0,0.285,none,False
DXB-02,2026-10-20,79,681.9,845.2,1001.6,0.285,none,False
DXB-03,2026-10-20,79,517.7,641.7,760.5,0.285,none,False
DXB-04,2026-10-20,79,385.2,477.4,565.7,0.285,none,False
AUH-01,2026-10-20,79,606.1,751.3,890.3,0.285,none,False
AUH-02,2026-10-20,79,442.0,547.8,649.2,0.285,none,False
AUH-03,2026-10-20,79,328.3,406.9,482.3,0.285,none,False
SHJ-01,2026-10-20,79,492.5,610.4,723.4,0.285,none,False
SHJ-02,2026-10-20,79,378.8,469.5,556.4,0.285,none,False
AAN-01,2026-10-20,79,239.9,297.4,352.4,0.285,none,False
RAK-01,2026-10-20,79,221.0,273.9,324.6,0.285,none,False
FUJ-01,2026-10-20,79,189.4,234.8,278.2,0.285,none,False
DXB-01,2026-10-21,80,783.5,971.1,1150.8,0.285,none,False
DXB-02,2026-10-21,80,682.4,845.8,1002.3,0.285,none,False
DXB-03,2026-10-21,80,518.1,642.2,761.0,0.285,none,False
DXB-04,2026-10-21,80,385.4,477.7,566.1,0.285,none,False
AUH-01,2026-10-21,80,606.6,751.8,891.0,0.285,none,False
AUH-02,2026-10-21,80,442.3,548.2,649.7,0.285,none,False
AUH-03,2026-10-21,80,328.6,407.2,482.6,0.285,none,False
SHJ-01,2026-10-21,80,492.8,610.8,723.9,0.285,none,False
SHJ-02,2026-10-21,80,379.1,469.9,556.8,0.285,none,False
AAN-01,2026-10-21,80,240.1,297.6,352.7,0.285,none,False
RAK-01,2026-10-21,80,221.1,274.1,324.8,0.285,none,False
FUJ-01,2026-10-21,80,189.6,234.9,278.4,0.285,none,False
DXB-01,2026-10-22,81,784.1,971.8,1151.6,0.285,none,False
DXB-02,2026-10-22,81,682.9,846.4,1003.0,0.285,none,False
DXB-03,2026-10-22,81,518.5,642.6,761.6,0.285,none,False
DXB-04,2026-10-22,81,385.7,478.0,566.5,0.285,none,False
AUH-01,2026-10-22,81,607.0,752.3,891.6,0.285,none,False
AUH-02,2026-10-22,81,442.6,548.6,650.1,0.285,none,False
AUH-03,2026-10-22,81,328.8,407.5,482.9,0.285,none,False
SHJ-01,2026-10-22,81,493.2,611.3,724.4,0.285,none,False
SHJ-02,2026-10-22,81,379.4,470.2,557.2,0.285,none,False
AAN-01,2026-10-22,81,240.3,297.8,352.9,0.285,none,False
RAK-01,2026-10-22,81,221.3,274.3,325.1,0.285,none,False
FUJ-01,2026-10-22,81,189.7,235.1,278.6,0.285,none,False
DXB-01,2026-10-23,82,925.8,1147.5,1359.9,0.285,none,True
DXB-02,2026-10-23,82,806.4,999.4,1184.4,0.285,none,True
DXB-03,2026-10-23,82,612.2,758.8,899.3,0.285,none,True
DXB-04,2026-10-23,82,455.5,564.5,669.0,0.285,none,True
AUH-01,2026-10-23,82,716.8,888.4,1052.8,0.285,none,True
AUH-02,2026-10-23,82,522.7,647.8,767.7,0.285,none,True
AUH-03,2026-10-23,82,388.3,481.2,570.3,0.285,none,True
SHJ-01,2026-10-23,82,582.4,721.8,855.4,0.285,none,True
SHJ-02,2026-10-23,82,448.0,555.2,658.0,0.285,none,True
AAN-01,2026-10-23,82,283.7,351.6,416.7,0.285,none,True
RAK-01,2026-10-23,82,261.3,323.9,383.8,0.285,none,True
FUJ-01,2026-10-23,82,224.0,277.6,329.0,0.285,none,True
DXB-01,2026-10-24,83,926.5,1148.3,1360.9,0.285,none,True
DXB-02,2026-10-24,83,807.0,1000.1,1185.3,0.285,none,True
DXB-03,2026-10-24,83,612.7,759.4,899.9,0.285,none,True
DXB-04,2026-10-24,83,455.8,564.9,669.5,0.285,none,True
AUH-01,2026-10-24,83,717.3,889.0,1053.6,0.285,none,True
AUH-02,2026-10-24,83,523.0,648.2,768.2,0.285,none,True
AUH-03,2026-10-24,83,388.5,481.5,570.7,0.285,none,True
SHJ-01,2026-10-24,83,582.8,722.3,856.0,0.285,none,True
SHJ-02,2026-10-24,83,448.3,555.6,658.5,0.285,none,True
AAN-01,2026-10-24,83,283.9,351.9,417.0,0.285,none,True
RAK-01,2026-10-24,83,261.5,324.1,384.1,0.285,none,True
FUJ-01,2026-10-24,83,224.2,277.8,329.2,0.285,none,True
DXB-01,2026-10-25,84,785.7,983.7,1173.5,0.3,none,False
DXB-02,2026-10-25,84,684.3,856.8,1022.1,0.3,none,False
DXB-03,2026-10-25,84,519.6,650.5,776.0,0.3,none,False
DXB-04,2026-10-25,84,386.5,483.9,577.3,0.3,none,False
AUH-01,2026-10-25,84,608.3,761.6,908.5,0.3,none,False
AUH-02,2026-10-25,84,443.6,555.3,662.4,0.3,none,False
AUH-03,2026-10-25,84,329.5,412.5,492.1,0.3,none,False
SHJ-01,2026-10-25,84,494.2,618.8,738.2,0.3,none,False
SHJ-02,2026-10-25,84,380.2,476.0,567.8,0.3,none,False
AAN-01,2026-10-25,84,240.8,301.5,359.6,0.3,none,False
RAK-01,2026-10-25,84,221.8,277.7,331.2,0.3,none,False
FUJ-01,2026-10-25,84,190.1,238.0,283.9,0.3,none,False
DXB-01,2026-10-26,85,786.3,984.4,1174.3,0.3,none,False
DXB-02,2026-10-26,85,684.8,857.4,1022.8,0.3,none,False
DXB-03,2026-10-26,85,520.0,651.0,776.6,0.3,none,False
DXB-04,2026-10-26,85,386.8,484.3,577.7,0.3,none,False
AUH-01,2026-10-26,85,608.7,762.1,909.1,0.3,none,False
AUH-02,2026-10-26,85,443.9,555.7,662.9,0.3,none,False
AUH-03,2026-10-26,85,329.7,412.8,492.5,0.3,none,False
SHJ-01,2026-10-26,85,494.6,619.2,738.7,0.3,none,False
SHJ-02,2026-10-26,85,380.5,476.3,568.2,0.3,none,False
AAN-01,2026-10-26,85,241.0,301.7,359.9,0.3,none,False
RAK-01,2026-10-26,85,221.9,277.9,331.5,0.3,none,False
FUJ-01,2026-10-26,85,190.2,238.2,284.1,0.3,none,False
DXB-01,2026-10-27,86,786.8,985.1,1175.1,0.3,none,False
DXB-02,2026-10-27,86,685.3,858.0,1023.5,0.3,none,False
DXB-03,2026-10-27,86,520.3,651.5,777.1,0.3,none,False
DXB-04,2026-10-27,86,387.1,484.6,578.1,0.3,none,False
AUH-01,2026-10-27,86,609.2,762.7,909.8,0.3,none,False
AUH-02,2026-10-27,86,444.2,556.1,663.4,0.3,none,False
AUH-03,2026-10-27,86,330.0,413.1,492.8,0.3,none,False
SHJ-01,2026-10-27,86,494.9,619.7,739.2,0.3,none,False
SHJ-02,2026-10-27,86,380.7,476.7,568.6,0.3,none,False
AAN-01,2026-10-27,86,241.1,301.9,360.1,0.3,none,False
RAK-01,2026-10-27,86,222.1,278.1,331.7,0.3,none,False
FUJ-01,2026-10-27,86,190.4,238.3,284.3,0.3,none,False
DXB-01,2026-10-28,87,787.4,985.8,1176.0,0.3,none,False
DXB-02,2026-10-28,87,685.8,858.6,1024.2,0.3,none,False
DXB-03,2026-10-28,87,520.7,651.9,777.7,0.3,none,False
DXB-04,2026-10-28,87,387.4,485.0,578.5,0.3,none,False
AUH-01,2026-10-28,87,609.6,763.2,910.4,0.3,none,False
AUH-02,2026-10-28,87,444.5,556.5,663.9,0.3,none,False
AUH-03,2026-10-28,87,330.2,413.4,493.2,0.3,none,False
SHJ-01,2026-10-28,87,495.3,620.1,739.7,0.3,none,False
SHJ-02,2026-10-28,87,381.0,477.0,569.0,0.3,none,False
AAN-01,2026-10-28,87,241.3,302.1,360.4,0.3,none,False
RAK-01,2026-10-28,87,222.2,278.3,331.9,0.3,none,False
FUJ-01,2026-10-28,87,190.5,238.5,284.5,0.3,none,False
DXB-01,2026-10-29,88,788.0,986.5,1176.8,0.3,none,False
DXB-02,2026-10-29,88,686.3,859.2,1025.0,0.3,none,False
DXB-03,2026-10-29,88,521.1,652.4,778.2,0.3,none,False
DXB-04,2026-10-29,88,387.6,485.3,578.9,0.3,none,False
AUH-01,2026-10-29,88,610.0,763.8,911.1,0.3,none,False
AUH-02,2026-10-29,88,444.8,556.9,664.3,0.3,none,False
AUH-03,2026-10-29,88,330.4,413.7,493.5,0.3,none,False
SHJ-01,2026-10-29,88,495.7,620.6,740.3,0.3,none,False
SHJ-02,2026-10-29,88,381.3,477.4,569.4,0.3,none,False
AAN-01,2026-10-29,88,241.5,302.3,360.6,0.3,none,False
RAK-01,2026-10-29,88,222.4,278.5,332.2,0.3,none,False
FUJ-01,2026-10-29,88,190.6,238.7,284.7,0.3,none,False
DXB-01,2026-10-30,89,930.4,1164.9,1389.6,0.3,none,True
DXB-02,2026-10-30,89,810.4,1014.6,1210.3,0.3,none,True
DXB-03,2026-10-30,89,615.3,770.4,918.9,0.3,none,True
DXB-04,2026-10-30,89,457.7,573.1,683.6,0.3,none,True
AUH-01,2026-10-30,89,720.3,901.9,1075.8,0.3,none,True
AUH-02,2026-10-30,89,525.3,657.6,784.5,0.3,none,True
AUH-03,2026-10-30,89,390.2,488.5,582.7,0.3,none,True
SHJ-01,2026-10-30,89,585.3,732.8,874.1,0.3,none,True
SHJ-02,2026-10-30,89,450.2,563.7,672.4,0.3,none,True
AAN-01,2026-10-30,89,285.1,357.0,425.9,0.3,none,True
RAK-01,2026-10-30,89,262.6,328.8,392.2,0.3,none,True
FUJ-01,2026-10-30,89,225.1,281.8,336.2,0.3,none,True
