store_id,date,actual_shipments,campaign,is_weekend
DXB-01,2026-02-01,613,none,False
DXB-02,2026-02-01,537,none,False
DXB-03,2026-02-01,442,none,False
DXB-04,2026-02-01,324,none,False
AUH-01,2026-02-01,512,none,False
AUH-02,2026-02-01,374,none,False
AUH-03,2026-02-01,319,none,False
SHJ-01,2026-02-01,386,none,False
SHJ-02,2026-02-01,294,none,False
AAN-01,2026-02-01,181,none,False
RAK-01,2026-02-01,190,none,False
FUJ-01,2026-02-01,170,none,False
DXB-01,2026-02-02,631,none,False
DXB-02,2026-02-02,514,none,False
DXB-03,2026-02-02,391,none,False
DXB-04,2026-02-02,332,none,False
AUH-01,2026-02-02,527,none,False
AUH-02,2026-02-02,378,none,False
AUH-03,2026-02-02,251,none,False
SHJ-01,2026-02-02,410,none,False
SHJ-02,2026-02-02,312,none,False
AAN-01,2026-02-02,199,none,False
RAK-01,2026-02-02,194,none,False
FUJ-01,2026-02-02,157,none,False
DXB-01,2026-02-03,677,none,False
DXB-02,2026-02-03,559,none,False
DXB-03,2026-02-03,433,none,False
DXB-04,2026-02-03,332,none,False
AUH-01,2026-02-03,429,none,False
AUH-02,2026-02-03,350,none,False
AUH-03,2026-02-03,256,none,False
SHJ-01,2026-02-03,378,none,False
SHJ-02,2026-02-03,301,none,False
AAN-01,2026-02-03,222,none,False
RAK-01,2026-02-03,166,none,False
FUJ-01,2026-02-03,168,none,False
DXB-01,2026-02-04,542,none,False
DXB-02,2026-02-04,540,none,False
DXB-03,2026-02-04,429,none,False
DXB-04,2026-02-04,331,none,False
AUH-01,2026-02-04,526,none,False
AUH-02,2026-02-04,386,none,False
AUH-03,2026-02-04,260,none,False
SHJ-01,2026-02-04,385,none,False
SHJ-02,2026-02-04,333,none,False
AAN-01,2026-02-04,192,none,False
RAK-01,2026-02-04,160,none,False
FUJ-01,2026-02-04,139,none,False
DXB-01,2026-02-05,587,none,False
DXB-02,2026-02-05,582,none,False
DXB-03,2026-02-05,428,none,False
DXB-04,2026-02-05,334,none,False
AUH-01,2026-02-05,476,none,False
AUH-02,2026-02-05,366,none,False
AUH-03,2026-02-05,283,none,False
SHJ-01,2026-02-05,391,none,False
SHJ-02,2026-02-05,322,none,False
AAN-01,2026-02-05,184,none,False
RAK-01,2026-02-05,175,none,False
FUJ-01,2026-02-05,149,none,False
DXB-01,2026-02-06,674,none,True
DXB-02,2026-02-06,687,none,True
DXB-03,2026-02-06,478,none,True
DXB-04,2026-02-06,372,none,True
AUH-01,2026-02-06,610,none,True
AUH-02,2026-02-06,444,none,True
AUH-03,2026-02-06,336,none,True
SHJ-01,2026-02-06,471,none,True
SHJ-02,2026-02-06,352,none,True
AAN-01,2026-02-06,230,none,True
RAK-01,2026-02-06,181,none,True
FUJ-01,2026-02-06,159,none,True
DXB-01,2026-02-07,666,none,True
DXB-02,2026-02-07,599,none,True
DXB-03,2026-02-07,518,none,True
DXB-04,2026-02-07,342,none,True
AUH-01,2026-02-07,565,none,True
AUH-02,2026-02-07,477,none,True
AUH-03,2026-02-07,307,none,True
SHJ-01,2026-02-07,507,none,True
SHJ-02,2026-02-07,335,none,True
AAN-01,2026-02-07,227,none,True
RAK-01,2026-02-07,195,none,True
FUJ-01,2026-02-07,177,none,True
DXB-01,2026-02-08,690,none,False
DXB-02,2026-02-08,472,none,False
DXB-03,2026-02-08,441,none,False
DXB-04,2026-02-08,322,none,False
AUH-01,2026-02-08,470,none,False
AUH-02,2026-02-08,315,none,False
AUH-03,2026-02-08,271,none,False
SHJ-01,2026-02-08,384,none,False
SHJ-02,2026-02-08,317,none,False
AAN-01,2026-02-08,197,none,False
RAK-01,2026-02-08,207,none,False
FUJ-01,2026-02-08,152,none,False
DXB-01,2026-02-09,583,none,False
DXB-02,2026-02-09,568,none,False
DXB-03,2026-02-09,433,none,False
DXB-04,2026-02-09,354,none,False
AUH-01,2026-02-09,534,none,False
AUH-02,2026-02-09,374,none,False
AUH-03,2026-02-09,305,none,False
SHJ-01,2026-02-09,360,none,False
SHJ-02,2026-02-09,293,none,False
AAN-01,2026-02-09,180,none,False
RAK-01,2026-02-09,175,none,False
FUJ-01,2026-02-09,136,none,False
DXB-01,2026-02-10,679,none,False
DXB-02,2026-02-10,548,none,False
DXB-03,2026-02-10,369,none,False
DXB-04,2026-02-10,287,none,False
AUH-01,2026-02-10,511,none,False
AUH-02,2026-02-10,390,none,False
AUH-03,2026-02-10,318,none,False
SHJ-01,2026-02-10,510,none,False
SHJ-02,2026-02-10,322,none,False
AAN-01,2026-02-10,179,none,False
RAK-01,2026-02-10,147,none,False
FUJ-01,2026-02-10,159,none,False
DXB-01,2026-02-11,596,none,False
DXB-02,2026-02-11,539,none,False
DXB-03,2026-02-11,402,none,False
DXB-04,2026-02-11,312,none,False
AUH-01,2026-02-11,545,none,False
AUH-02,2026-02-11,368,none,False
AUH-03,2026-02-11,266,none,False
SHJ-01,2026-02-11,367,none,False
SHJ-02,2026-02-11,264,none,False
AAN-01,2026-02-11,188,none,False
RAK-01,2026-02-11,181,none,False
FUJ-01,2026-02-11,180,none,False
DXB-01,2026-02-12,651,none,False
DXB-02,2026-02-12,610,none,False
DXB-03,2026-02-12,406,none,False
DXB-04,2026-02-12,283,none,False
AUH-01,2026-02-12,455,none,False
AUH-02,2026-02-12,340,none,False
AUH-03,2026-02-12,322,none,False
SHJ-01,2026-02-12,375,none,False
SHJ-02,2026-02-12,335,none,False
AAN-01,2026-02-12,181,none,False
RAK-01,2026-02-12,197,none,False
FUJ-01,2026-02-12,161,none,False
DXB-01,2026-02-13,749,none,True
DXB-02,2026-02-13,659,none,True
DXB-03,2026-02-13,473,none,True
DXB-04,2026-02-13,389,none,True
AUH-01,2026-02-13,564,none,True
AUH-02,2026-02-13,382,none,True
AUH-03,2026-02-13,282,none,True
SHJ-01,2026-02-13,485,none,True
SHJ-02,2026-02-13,420,none,True
AAN-01,2026-02-13,236,none,True
RAK-01,2026-02-13,212,none,True
FUJ-01,2026-02-13,189,none,True
DXB-01,2026-02-14,850,none,True
DXB-02,2026-02-14,676,none,True
DXB-03,2026-02-14,484,none,True
DXB-04,2026-02-14,411,none,True
AUH-01,2026-02-14,612,none,True
AUH-02,2026-02-14,489,none,True
AUH-03,2026-02-14,324,none,True
SHJ-01,2026-02-14,426,none,True
SHJ-02,2026-02-14,323,none,True
AAN-01,2026-02-14,268,none,True
RAK-01,2026-02-14,248,none,True
FUJ-01,2026-02-14,181,none,True
DXB-01,2026-02-15,623,none,False
DXB-02,2026-02-15,636,none,False
DXB-03,2026-02-15,384,none,False
DXB-04,2026-02-15,292,none,False
AUH-01,2026-02-15,528,none,False
AUH-02,2026-02-15,351,none,False
AUH-03,2026-02-15,270,none,False
SHJ-01,2026-02-15,400,none,False
SHJ-02,2026-02-15,322,none,False
AAN-01,2026-02-15,223,none,False
RAK-01,2026-02-15,184,none,False
FUJ-01,2026-02-15,165,none,False
DXB-01,2026-02-16,527,none,False
DXB-02,2026-02-16,560,none,False
DXB-03,2026-02-16,395,none,False
DXB-04,2026-02-16,283,none,False
AUH-01,2026-02-16,460,none,False
AUH-02,2026-02-16,354,none,False
AUH-03,2026-02-16,293,none,False
SHJ-01,2026-02-16,358,none,False
SHJ-02,2026-02-16,313,none,False
AAN-01,2026-02-16,189,none,False
RAK-01,2026-02-16,177,none,False
FUJ-01,2026-02-16,170,none,False
DXB-01,2026-02-17,759,ramadan,False
DXB-02,2026-02-17,706,ramadan,False
DXB-03,2026-02-17,472,ramadan,False
DXB-04,2026-02-17,334,ramadan,False
AUH-01,2026-02-17,549,ramadan,False
AUH-02,2026-02-17,417,ramadan,False
AUH-03,2026-02-17,308,ramadan,False
SHJ-01,2026-02-17,411,ramadan,False
SHJ-02,2026-02-17,353,ramadan,False
AAN-01,2026-02-17,226,ramadan,False
RAK-01,2026-02-17,251,ramadan,False
FUJ-01,2026-02-17,205,ramadan,False
DXB-01,2026-02-18,669,ramadan,False
DXB-02,2026-02-18,615,ramadan,False
DXB-03,2026-02-18,416,ramadan,False
DXB-04,2026-02-18,337,ramadan,False
AUH-01,2026-02-18,577,ramadan,False
AUH-02,2026-02-18,453,ramadan,False
AUH-03,2026-02-18,284,ramadan,False
SHJ-01,2026-02-18,429,ramadan,False
SHJ-02,2026-02-18,283,ramadan,False
AAN-01,2026-02-18,219,ramadan,False
RAK-01,2026-02-18,185,ramadan,False
FUJ-01,2026-02-18,167,ramadan,False
DXB-01,2026-02-19,668,ramadan,False
DXB-02,2026-02-19,626,ramadan,False
DXB-03,2026-02-19,404,ramadan,False
DXB-04,2026-02-19,310,ramadan,False
AUH-01,2026-02-19,669,ramadan,False
AUH-02,2026-02-19,362,ramadan,False
AUH-03,2026-02-19,274,ramadan,False
SHJ-01,2026-02-19,531,ramadan,False
SHJ-02,2026-02-19,443,ramadan,False
AAN-01,2026-02-19,199,ramadan,False
RAK-01,2026-02-19,198,ramadan,False
FUJ-01,2026-02-19,181,ramadan,False
DXB-01,2026-02-20,989,ramadan,True
DXB-02,2026-02-20,680,ramadan,True
DXB-03,2026-02-20,554,ramadan,True
DXB-04,2026-02-20,451,ramadan,True
AUH-01,2026-02-20,689,ramadan,True
AUH-02,2026-02-20,467,ramadan,True
AUH-03,2026-02-20,355,ramadan,True
SHJ-01,2026-02-20,472,ramadan,True
SHJ-02,2026-02-20,405,ramadan,True
AAN-01,2026-02-20,256,ramadan,True
RAK-01,2026-02-20,247,ramadan,True
FUJ-01,2026-02-20,197,ramadan,True
DXB-01,2026-02-21,893,ramadan,True
DXB-02,2026-02-21,814,ramadan,True
DXB-03,2026-02-21,575,ramadan,True
DXB-04,2026-02-21,435,ramadan,True
AUH-01,2026-02-21,667,ramadan,True
AUH-02,2026-02-21,484,ramadan,True
AUH-03,2026-02-21,336,ramadan,True
SHJ-01,2026-02-21,554,ramadan,True
SHJ-02,2026-02-21,411,ramadan,True
AAN-01,2026-02-21,312,ramadan,True
RAK-01,2026-02-21,276,ramadan,True
FUJ-01,2026-02-21,215,ramadan,True
DXB-01,2026-02-22,677,ramadan,False
DXB-02,2026-02-22,570,ramadan,False
DXB-03,2026-02-22,532,ramadan,False
DXB-04,2026-02-22,366,ramadan,False
AUH-01,2026-02-22,587,ramadan,False
AUH-02,2026-02-22,346,ramadan,False
AUH-03,2026-02-22,330,ramadan,False
SHJ-01,2026-02-22,476,ramadan,False
SHJ-02,2026-02-22,317,ramadan,False
AAN-01,2026-02-22,213,ramadan,False
RAK-01,2026-02-22,210,ramadan,False
FUJ-01,2026-02-22,177,ramadan,False
DXB-01,2026-02-23,708,ramadan,False
DXB-02,2026-02-23,628,ramadan,False
DXB-03,2026-02-23,470,ramadan,False
DXB-04,2026-02-23,363,ramadan,False
AUH-01,2026-02-23,638,ramadan,False
AUH-02,2026-02-23,316,ramadan,False
AUH-03,2026-02-23,299,ramadan,False
SHJ-01,2026-02-23,465,ramadan,False
SHJ-02,2026-02-23,361,ramadan,False
AAN-01,2026-02-23,215,ramadan,False
RAK-01,2026-02-23,173,ramadan,False
FUJ-01,2026-02-23,181,ramadan,False
DXB-01,2026-02-24,841,ramadan,False
DXB-02,2026-02-24,547,ramadan,False
DXB-03,2026-02-24,519,ramadan,False
DXB-04,2026-02-24,348,ramadan,False
AUH-01,2026-02-24,561,ramadan,False
AUH-02,2026-02-24,372,ramadan,False
AUH-03,2026-02-24,296,ramadan,False
SHJ-01,2026-02-24,512,ramadan,False
SHJ-02,2026-02-24,371,ramadan,False
AAN-01,2026-02-24,258,ramadan,False
RAK-01,2026-02-24,227,ramadan,False
FUJ-01,2026-02-24,183,ramadan,False
DXB-01,2026-02-25,843,ramadan,False
DXB-02,2026-02-25,660,ramadan,False
DXB-03,2026-02-25,518,ramadan,False
DXB-04,2026-02-25,349,ramadan,False
AUH-01,2026-02-25,568,ramadan,False
AUH-02,2026-02-25,386,ramadan,False
AUH-03,2026-02-25,333,ramadan,False
SHJ-01,2026-02-25,410,ramadan,False
SHJ-02,2026-02-25,377,ramadan,False
AAN-01,2026-02-25,220,ramadan,False
RAK-01,2026-02-25,227,ramadan,False
FUJ-01,2026-02-25,188,ramadan,False
DXB-01,2026-02-26,849,ramadan,False
DXB-02,2026-02-26,677,ramadan,False
DXB-03,2026-02-26,414,ramadan,False
DXB-04,2026-02-26,357,ramadan,False
AUH-01,2026-02-26,505,ramadan,False
AUH-02,2026-02-26,393,ramadan,False
AUH-03,2026-02-26,347,ramadan,False
SHJ-01,2026-02-26,485,ramadan,False
SHJ-02,2026-02-26,331,ramadan,False
AAN-01,2026-02-26,203,ramadan,False
RAK-01,2026-02-26,206,ramadan,False
FUJ-01,2026-02-26,157,ramadan,False
DXB-01,2026-02-27,809,ramadan,True
DXB-02,2026-02-27,771,ramadan,True
DXB-03,2026-02-27,629,ramadan,True
DXB-04,2026-02-27,447,ramadan,True
AUH-01,2026-02-27,529,ramadan,True
AUH-02,2026-02-27,500,ramadan,True
AUH-03,2026-02-27,364,ramadan,True
SHJ-01,2026-02-27,562,ramadan,True
SHJ-02,2026-02-27,477,ramadan,True
AAN-01,2026-02-27,215,ramadan,True
RAK-01,2026-02-27,230,ramadan,True
FUJ-01,2026-02-27,219,ramadan,True
DXB-01,2026-02-28,739,ramadan,True
DXB-02,2026-02-28,851,ramadan,True
DXB-03,2026-02-28,589,ramadan,True
DXB-04,2026-02-28,456,ramadan,True
AUH-01,2026-02-28,633,ramadan,True
AUH-02,2026-02-28,522,ramadan,True
AUH-03,2026-02-28,396,ramadan,True
SHJ-01,2026-02-28,554,ramadan,True
SHJ-02,2026-02-28,426,ramadan,True
AAN-01,2026-02-28,271,ramadan,True
RAK-01,2026-02-28,224,ramadan,True
FUJ-01,2026-02-28,206,ramadan,True
DXB-01,2026-03-01,721,ramadan,False
DXB-02,2026-03-01,659,ramadan,False
DXB-03,2026-03-01,527,ramadan,False
DXB-04,2026-03-01,325,ramadan,False
AUH-01,2026-03-01,560,ramadan,False
AUH-02,2026-03-01,468,ramadan,False
AUH-03,2026-03-01,286,ramadan,False
SHJ-01,2026-03-01,426,ramadan,False
SHJ-02,2026-03-01,360,ramadan,False
AAN-01,2026-03-01,241,ramadan,False
RAK-01,2026-03-01,207,ramadan,False
FUJ-01,2026-03-01,198,ramadan,False
DXB-01,2026-03-02,788,ramadan,False
DXB-02,2026-03-02,686,ramadan,False
DXB-03,2026-03-02,508,ramadan,False
DXB-04,2026-03-02,435,ramadan,False
AUH-01,2026-03-02,556,ramadan,False
AUH-02,2026-03-02,339,ramadan,False
AUH-03,2026-03-02,351,ramadan,False
SHJ-01,2026-03-02,441,ramadan,False
SHJ-02,2026-03-02,358,ramadan,False
AAN-01,2026-03-02,251,ramadan,False
RAK-01,2026-03-02,177,ramadan,False
FUJ-01,2026-03-02,157,ramadan,False
DXB-01,2026-03-03,627,ramadan,False
DXB-02,2026-03-03,592,ramadan,False
DXB-03,2026-03-03,504,ramadan,False
DXB-04,2026-03-03,377,ramadan,False
AUH-01,2026-03-03,581,ramadan,False
AUH-02,2026-03-03,361,ramadan,False
AUH-03,2026-03-03,243,ramadan,False
SHJ-01,2026-03-03,463,ramadan,False
SHJ-02,2026-03-03,339,ramadan,False
AAN-01,2026-03-03,234,ramadan,False
RAK-01,2026-03-03,220,ramadan,False
FUJ-01,2026-03-03,179,ramadan,False
DXB-01,2026-03-04,783,ramadan,False
DXB-02,2026-03-04,652,ramadan,False
DXB-03,2026-03-04,508,ramadan,False
DXB-04,2026-03-04,338,ramadan,False
AUH-01,2026-03-04,558,ramadan,False
AUH-02,2026-03-04,421,ramadan,False
AUH-03,2026-03-04,330,ramadan,False
SHJ-01,2026-03-04,445,ramadan,False
SHJ-02,2026-03-04,371,ramadan,False
AAN-01,2026-03-04,219,ramadan,False
RAK-01,2026-03-04,205,ramadan,False
FUJ-01,2026-03-04,191,ramadan,False
DXB-01,2026-03-05,602,ramadan,False
DXB-02,2026-03-05,565,ramadan,False
DXB-03,2026-03-05,421,ramadan,False
DXB-04,2026-03-05,285,ramadan,False
AUH-01,2026-03-05,533,ramadan,False
AUH-02,2026-03-05,442,ramadan,False
AUH-03,2026-03-05,300,ramadan,False
SHJ-01,2026-03-05,470,ramadan,False
SHJ-02,2026-03-05,390,ramadan,False
AAN-01,2026-03-05,252,ramadan,False
RAK-01,2026-03-05,206,ramadan,False
FUJ-01,2026-03-05,199,ramadan,False
DXB-01,2026-03-06,874,ramadan,True
DXB-02,2026-03-06,698,ramadan,True
DXB-03,2026-03-06,542,ramadan,True
DXB-04,2026-03-06,370,ramadan,True
AUH-01,2026-03-06,617,ramadan,True
AUH-02,2026-03-06,473,ramadan,True
AUH-03,2026-03-06,390,ramadan,True
SHJ-01,2026-03-06,630,ramadan,True
SHJ-02,2026-03-06,367,ramadan,True
AAN-01,2026-03-06,275,ramadan,True
RAK-01,2026-03-06,222,ramadan,True
FUJ-01,2026-03-06,219,ramadan,True
DXB-01,2026-03-07,857,ramadan,True
DXB-02,2026-03-07,631,ramadan,True
DXB-03,2026-03-07,621,ramadan,True
DXB-04,2026-03-07,403,ramadan,True
AUH-01,2026-03-07,639,ramadan,True
AUH-02,2026-03-07,442,ramadan,True
AUH-03,2026-03-07,342,ramadan,True
SHJ-01,2026-03-07,567,ramadan,True
SHJ-02,2026-03-07,413,ramadan,True
AAN-01,2026-03-07,274,ramadan,True
RAK-01,2026-03-07,253,ramadan,True
FUJ-01,2026-03-07,235,ramadan,True
DXB-01,2026-03-08,713,ramadan,False
DXB-02,2026-03-08,556,ramadan,False
DXB-03,2026-03-08,533,ramadan,False
DXB-04,2026-03-08,351,ramadan,False
AUH-01,2026-03-08,627,ramadan,False
AUH-02,2026-03-08,430,ramadan,False
AUH-03,2026-03-08,305,ramadan,False
SHJ-01,2026-03-08,477,ramadan,False
SHJ-02,2026-03-08,418,ramadan,False
AAN-01,2026-03-08,268,ramadan,False
RAK-01,2026-03-08,209,ramadan,False
FUJ-01,2026-03-08,181,ramadan,False
DXB-01,2026-03-09,808,ramadan,False
DXB-02,2026-03-09,592,ramadan,False
DXB-03,2026-03-09,501,ramadan,False
DXB-04,2026-03-09,361,ramadan,False
AUH-01,2026-03-09,586,ramadan,False
AUH-02,2026-03-09,384,ramadan,False
AUH-03,2026-03-09,265,ramadan,False
SHJ-01,2026-03-09,377,ramadan,False
SHJ-02,2026-03-09,320,ramadan,False
AAN-01,2026-03-09,216,ramadan,False
RAK-01,2026-03-09,202,ramadan,False
FUJ-01,2026-03-09,209,ramadan,False
DXB-01,2026-03-10,810,ramadan,False
DXB-02,2026-03-10,586,ramadan,False
DXB-03,2026-03-10,503,ramadan,False
DXB-04,2026-03-10,349,ramadan,False
AUH-01,2026-03-10,556,ramadan,False
AUH-02,2026-03-10,423,ramadan,False
AUH-03,2026-03-10,326,ramadan,False
SHJ-01,2026-03-10,449,ramadan,False
SHJ-02,2026-03-10,391,ramadan,False
AAN-01,2026-03-10,203,ramadan,False
RAK-01,2026-03-10,208,ramadan,False
FUJ-01,2026-03-10,220,ramadan,False
DXB-01,2026-03-11,752,ramadan,False
DXB-02,2026-03-11,725,ramadan,False
DXB-03,2026-03-11,492,ramadan,False
DXB-04,2026-03-11,382,ramadan,False
AUH-01,2026-03-11,568,ramadan,False
AUH-02,2026-03-11,410,ramadan,False
AUH-03,2026-03-11,288,ramadan,False
SHJ-01,2026-03-11,482,ramadan,False
SHJ-02,2026-03-11,330,ramadan,False
AAN-01,2026-03-11,240,ramadan,False
RAK-01,2026-03-11,229,ramadan,False
FUJ-01,2026-03-11,184,ramadan,False
DXB-01,2026-03-12,719,ramadan,False
DXB-02,2026-03-12,669,ramadan,False
DXB-03,2026-03-12,475,ramadan,False
DXB-04,2026-03-12,394,ramadan,False
AUH-01,2026-03-12,477,ramadan,False
AUH-02,2026-03-12,404,ramadan,False
AUH-03,2026-03-12,254,ramadan,False
SHJ-01,2026-03-12,402,ramadan,False
SHJ-02,2026-03-12,401,ramadan,False
AAN-01,2026-03-12,244,ramadan,False
RAK-01,2026-03-12,195,ramadan,False
FUJ-01,2026-03-12,154,ramadan,False
DXB-01,2026-03-13,639,ramadan,True
DXB-02,2026-03-13,722,ramadan,True
DXB-03,2026-03-13,702,ramadan,True
DXB-04,2026-03-13,446,ramadan,True
AUH-01,2026-03-13,641,ramadan,True
AUH-02,2026-03-13,513,ramadan,True
AUH-03,2026-03-13,314,ramadan,True
SHJ-01,2026-03-13,534,ramadan,True
SHJ-02,2026-03-13,426,ramadan,True
AAN-01,2026-03-13,265,ramadan,True
RAK-01,2026-03-13,264,ramadan,True
FUJ-01,2026-03-13,217,ramadan,True
DXB-01,2026-03-14,925,ramadan,True
DXB-02,2026-03-14,713,ramadan,True
DXB-03,2026-03-14,624,ramadan,True
DXB-04,2026-03-14,492,ramadan,True
AUH-01,2026-03-14,616,ramadan,True
AUH-02,2026-03-14,453,ramadan,True
AUH-03,2026-03-14,410,ramadan,True
SHJ-01,2026-03-14,539,ramadan,True
SHJ-02,2026-03-14,476,ramadan,True
AAN-01,2026-03-14,257,ramadan,True
RAK-01,2026-03-14,279,ramadan,True
FUJ-01,2026-03-14,214,ramadan,True
DXB-01,2026-03-15,757,ramadan,False
DXB-02,2026-03-15,735,ramadan,False
DXB-03,2026-03-15,473,ramadan,False
DXB-04,2026-03-15,333,ramadan,False
AUH-01,2026-03-15,550,ramadan,False
AUH-02,2026-03-15,435,ramadan,False
AUH-03,2026-03-15,267,ramadan,False
SHJ-01,2026-03-15,492,ramadan,False
SHJ-02,2026-03-15,341,ramadan,False
AAN-01,2026-03-15,250,ramadan,False
RAK-01,2026-03-15,164,ramadan,False
FUJ-01,2026-03-15,166,ramadan,False
DXB-01,2026-03-16,628,ramadan,False
DXB-02,2026-03-16,597,ramadan,False
DXB-03,2026-03-16,501,ramadan,False
DXB-04,2026-03-16,358,ramadan,False
AUH-01,2026-03-16,560,ramadan,False
AUH-02,2026-03-16,412,ramadan,False
AUH-03,2026-03-16,316,ramadan,False
SHJ-01,2026-03-16,424,ramadan,False
SHJ-02,2026-03-16,381,ramadan,False
AAN-01,2026-03-16,241,ramadan,False
RAK-01,2026-03-16,216,ramadan,False
FUJ-01,2026-03-16,188,ramadan,False
DXB-01,2026-03-17,761,ramadan,False
DXB-02,2026-03-17,764,ramadan,False
DXB-03,2026-03-17,486,ramadan,False
DXB-04,2026-03-17,355,ramadan,False
AUH-01,2026-03-17,535,ramadan,False
AUH-02,2026-03-17,380,ramadan,False
AUH-03,2026-03-17,276,ramadan,False
SHJ-01,2026-03-17,429,ramadan,False
SHJ-02,2026-03-17,356,ramadan,False
AAN-01,2026-03-17,234,ramadan,False
RAK-01,2026-03-17,210,ramadan,False
FUJ-01,2026-03-17,167,ramadan,False
DXB-01,2026-03-18,802,ramadan,False
DXB-02,2026-03-18,689,ramadan,False
DXB-03,2026-03-18,484,ramadan,False
DXB-04,2026-03-18,344,ramadan,False
AUH-01,2026-03-18,603,ramadan,False
AUH-02,2026-03-18,426,ramadan,False
AUH-03,2026-03-18,271,ramadan,False
SHJ-01,2026-03-18,464,ramadan,False
SHJ-02,2026-03-18,367,ramadan,False
AAN-01,2026-03-18,209,ramadan,False
RAK-01,2026-03-18,213,ramadan,False
FUJ-01,2026-03-18,156,ramadan,False
DXB-01,2026-03-19,832,ramadan,False
DXB-02,2026-03-19,719,ramadan,False
DXB-03,2026-03-19,480,ramadan,False
DXB-04,2026-03-19,377,ramadan,False
AUH-01,2026-03-19,450,ramadan,False
AUH-02,2026-03-19,376,ramadan,False
AUH-03,2026-03-19,303,ramadan,False
SHJ-01,2026-03-19,422,ramadan,False
SHJ-02,2026-03-19,382,ramadan,False
AAN-01,2026-03-19,268,ramadan,False
RAK-01,2026-03-19,187,ramadan,False
FUJ-01,2026-03-19,166,ramadan,False
DXB-01,2026-03-20,1079,eid,True
DXB-02,2026-03-20,1054,eid,True
DXB-03,2026-03-20,622,eid,True
DXB-04,2026-03-20,532,eid,True
AUH-01,2026-03-20,952,eid,True
AUH-02,2026-03-20,508,eid,True
AUH-03,2026-03-20,392,eid,True
SHJ-01,2026-03-20,640,eid,True
SHJ-02,2026-03-20,487,eid,True
AAN-01,2026-03-20,348,eid,True
RAK-01,2026-03-20,305,eid,True
FUJ-01,2026-03-20,215,eid,True
DXB-01,2026-03-21,1107,eid,True
DXB-02,2026-03-21,873,eid,True
DXB-03,2026-03-21,780,eid,True
DXB-04,2026-03-21,491,eid,True
AUH-01,2026-03-21,772,eid,True
AUH-02,2026-03-21,626,eid,True
AUH-03,2026-03-21,474,eid,True
SHJ-01,2026-03-21,692,eid,True
SHJ-02,2026-03-21,434,eid,True
AAN-01,2026-03-21,340,eid,True
RAK-01,2026-03-21,271,eid,True
FUJ-01,2026-03-21,261,eid,True
DXB-01,2026-03-22,782,eid,False
DXB-02,2026-03-22,813,eid,False
DXB-03,2026-03-22,550,eid,False
DXB-04,2026-03-22,390,eid,False
AUH-01,2026-03-22,739,eid,False
AUH-02,2026-03-22,518,eid,False
AUH-03,2026-03-22,355,eid,False
SHJ-01,2026-03-22,638,eid,False
SHJ-02,2026-03-22,417,eid,False
AAN-01,2026-03-22,276,eid,False
RAK-01,2026-03-22,259,eid,False
FUJ-01,2026-03-22,205,eid,False
DXB-01,2026-03-23,936,eid,False
DXB-02,2026-03-23,745,eid,False
DXB-03,2026-03-23,572,eid,False
DXB-04,2026-03-23,496,eid,False
AUH-01,2026-03-23,630,eid,False
AUH-02,2026-03-23,397,eid,False
AUH-03,2026-03-23,431,eid,False
SHJ-01,2026-03-23,694,eid,False
SHJ-02,2026-03-23,419,eid,False
AAN-01,2026-03-23,227,eid,False
RAK-01,2026-03-23,246,eid,False
FUJ-01,2026-03-23,212,eid,False
DXB-01,2026-03-24,654,none,False
DXB-02,2026-03-24,522,none,False
DXB-03,2026-03-24,463,none,False
DXB-04,2026-03-24,343,none,False
AUH-01,2026-03-24,446,none,False
AUH-02,2026-03-24,399,none,False
AUH-03,2026-03-24,331,none,False
SHJ-01,2026-03-24,425,none,False
SHJ-02,2026-03-24,312,none,False
AAN-01,2026-03-24,201,none,False
RAK-01,2026-03-24,198,none,False
FUJ-01,2026-03-24,136,none,False
DXB-01,2026-03-25,676,none,False
DXB-02,2026-03-25,560,none,False
DXB-03,2026-03-25,514,none,False
DXB-04,2026-03-25,323,none,False
AUH-01,2026-03-25,593,none,False
AUH-02,2026-03-25,339,none,False
AUH-03,2026-03-25,294,none,False
SHJ-01,2026-03-25,431,none,False
SHJ-02,2026-03-25,297,none,False
AAN-01,2026-03-25,207,none,False
RAK-01,2026-03-25,209,none,False
FUJ-01,2026-03-25,157,none,False
DXB-01,2026-03-26,565,none,False
DXB-02,2026-03-26,580,none,False
DXB-03,2026-03-26,405,none,False
DXB-04,2026-03-26,318,none,False
AUH-01,2026-03-26,512,none,False
AUH-02,2026-03-26,319,none,False
AUH-03,2026-03-26,239,none,False
SHJ-01,2026-03-26,438,none,False
SHJ-02,2026-03-26,307,none,False
AAN-01,2026-03-26,157,none,False
RAK-01,2026-03-26,202,none,False
FUJ-01,2026-03-26,165,none,False
DXB-01,2026-03-27,737,none,True
DXB-02,2026-03-27,605,none,True
DXB-03,2026-03-27,560,none,True
DXB-04,2026-03-27,400,none,True
AUH-01,2026-03-27,740,none,True
AUH-02,2026-03-27,461,none,True
AUH-03,2026-03-27,342,none,True
SHJ-01,2026-03-27,488,none,True
SHJ-02,2026-03-27,409,none,True
AAN-01,2026-03-27,255,none,True
RAK-01,2026-03-27,247,none,True
FUJ-01,2026-03-27,182,none,True
DXB-01,2026-03-28,757,none,True
DXB-02,2026-03-28,657,none,True
DXB-03,2026-03-28,558,none,True
DXB-04,2026-03-28,440,none,True
AUH-01,2026-03-28,585,none,True
AUH-02,2026-03-28,428,none,True
AUH-03,2026-03-28,340,none,True
SHJ-01,2026-03-28,485,none,True
SHJ-02,2026-03-28,414,none,True
AAN-01,2026-03-28,193,none,True
RAK-01,2026-03-28,206,none,True
FUJ-01,2026-03-28,177,none,True
DXB-01,2026-03-29,529,none,False
DXB-02,2026-03-29,532,none,False
DXB-03,2026-03-29,406,none,False
DXB-04,2026-03-29,323,none,False
AUH-01,2026-03-29,569,none,False
AUH-02,2026-03-29,369,none,False
AUH-03,2026-03-29,254,none,False
SHJ-01,2026-03-29,418,none,False
SHJ-02,2026-03-29,354,none,False
AAN-01,2026-03-29,187,none,False
RAK-01,2026-03-29,173,none,False
FUJ-01,2026-03-29,170,none,False
DXB-01,2026-03-30,656,none,False
DXB-02,2026-03-30,617,none,False
DXB-03,2026-03-30,442,none,False
DXB-04,2026-03-30,350,none,False
AUH-01,2026-03-30,470,none,False
AUH-02,2026-03-30,377,none,False
AUH-03,2026-03-30,275,none,False
SHJ-01,2026-03-30,375,none,False
SHJ-02,2026-03-30,278,none,False
AAN-01,2026-03-30,218,none,False
RAK-01,2026-03-30,183,none,False
FUJ-01,2026-03-30,147,none,False
DXB-01,2026-03-31,664,none,False
DXB-02,2026-03-31,642,none,False
DXB-03,2026-03-31,352,none,False
DXB-04,2026-03-31,285,none,False
AUH-01,2026-03-31,475,none,False
AUH-02,2026-03-31,428,none,False
AUH-03,2026-03-31,288,none,False
SHJ-01,2026-03-31,450,none,False
SHJ-02,2026-03-31,291,none,False
AAN-01,2026-03-31,185,none,False
RAK-01,2026-03-31,197,none,False
FUJ-01,2026-03-31,163,none,False
DXB-01,2026-04-01,703,none,False
DXB-02,2026-04-01,574,none,False
DXB-03,2026-04-01,454,none,False
DXB-04,2026-04-01,334,none,False
AUH-01,2026-04-01,555,none,False
AUH-02,2026-04-01,406,none,False
AUH-03,2026-04-01,240,none,False
SHJ-01,2026-04-01,336,none,False
SHJ-02,2026-04-01,354,none,False
AAN-01,2026-04-01,227,none,False
RAK-01,2026-04-01,172,none,False
FUJ-01,2026-04-01,135,none,False
DXB-01,2026-04-02,677,none,False
DXB-02,2026-04-02,633,none,False
DXB-03,2026-04-02,515,none,False
DXB-04,2026-04-02,345,none,False
AUH-01,2026-04-02,502,none,False
AUH-02,2026-04-02,348,none,False
AUH-03,2026-04-02,282,none,False
SHJ-01,2026-04-02,411,none,False
SHJ-02,2026-04-02,295,none,False
AAN-01,2026-04-02,243,none,False
RAK-01,2026-04-02,220,none,False
FUJ-01,2026-04-02,179,none,False
DXB-01,2026-04-03,727,none,True
DXB-02,2026-04-03,743,none,True
DXB-03,2026-04-03,554,none,True
DXB-04,2026-04-03,405,none,True
AUH-01,2026-04-03,682,none,True
AUH-02,2026-04-03,473,none,True
AUH-03,2026-04-03,354,none,True
SHJ-01,2026-04-03,527,none,True
SHJ-02,2026-04-03,395,none,True
AAN-01,2026-04-03,204,none,True
RAK-01,2026-04-03,225,none,True
FUJ-01,2026-04-03,182,none,True
DXB-01,2026-04-04,702,none,True
DXB-02,2026-04-04,795,none,True
DXB-03,2026-04-04,606,none,True
DXB-04,2026-04-04,438,none,True
AUH-01,2026-04-04,628,none,True
AUH-02,2026-04-04,502,none,True
AUH-03,2026-04-04,333,none,True
SHJ-01,2026-04-04,508,none,True
SHJ-02,2026-04-04,346,none,True
AAN-01,2026-04-04,252,none,True
RAK-01,2026-04-04,225,none,True
FUJ-01,2026-04-04,169,none,True
DXB-01,2026-04-05,669,none,False
DXB-02,2026-04-05,581,none,False
DXB-03,2026-04-05,517,none,False
DXB-04,2026-04-05,357,none,False
AUH-01,2026-04-05,521,none,False
AUH-02,2026-04-05,388,none,False
AUH-03,2026-04-05,283,none,False
SHJ-01,2026-04-05,415,none,False
SHJ-02,2026-04-05,294,none,False
AAN-01,2026-04-05,203,none,False
RAK-01,2026-04-05,177,none,False
FUJ-01,2026-04-05,144,none,False
DXB-01,2026-04-06,704,none,False
DXB-02,2026-04-06,607,none,False
DXB-03,2026-04-06,373,none,False
DXB-04,2026-04-06,327,none,False
AUH-01,2026-04-06,568,none,False
AUH-02,2026-04-06,416,none,False
AUH-03,2026-04-06,308,none,False
SHJ-01,2026-04-06,425,none,False
SHJ-02,2026-04-06,301,none,False
AAN-01,2026-04-06,186,none,False
RAK-01,2026-04-06,196,none,False
FUJ-01,2026-04-06,168,none,False
DXB-01,2026-04-07,752,none,False
DXB-02,2026-04-07,645,none,False
DXB-03,2026-04-07,440,none,False
DXB-04,2026-04-07,294,none,False
AUH-01,2026-04-07,506,none,False
AUH-02,2026-04-07,388,none,False
AUH-03,2026-04-07,277,none,False
SHJ-01,2026-04-07,402,none,False
SHJ-02,2026-04-07,333,none,False
AAN-01,2026-04-07,197,none,False
RAK-01,2026-04-07,179,none,False
FUJ-01,2026-04-07,168,none,False
DXB-01,2026-04-08,650,none,False
DXB-02,2026-04-08,600,none,False
DXB-03,2026-04-08,457,none,False
DXB-04,2026-04-08,298,none,False
AUH-01,2026-04-08,499,none,False
AUH-02,2026-04-08,430,none,False
AUH-03,2026-04-08,253,none,False
SHJ-01,2026-04-08,343,none,False
SHJ-02,2026-04-08,272,none,False
AAN-01,2026-04-08,207,none,False
RAK-01,2026-04-08,191,none,False
FUJ-01,2026-04-08,161,none,False
DXB-01,2026-04-09,748,none,False
DXB-02,2026-04-09,446,none,False
DXB-03,2026-04-09,462,none,False
DXB-04,2026-04-09,379,none,False
AUH-01,2026-04-09,469,none,False
AUH-02,2026-04-09,368,none,False
AUH-03,2026-04-09,264,none,False
SHJ-01,2026-04-09,390,none,False
SHJ-02,2026-04-09,317,none,False
AAN-01,2026-04-09,233,none,False
RAK-01,2026-04-09,222,none,False
FUJ-01,2026-04-09,158,none,False
DXB-01,2026-04-10,933,none,True
DXB-02,2026-04-10,696,none,True
DXB-03,2026-04-10,610,none,True
DXB-04,2026-04-10,389,none,True
AUH-01,2026-04-10,624,none,True
AUH-02,2026-04-10,465,none,True
AUH-03,2026-04-10,430,none,True
SHJ-01,2026-04-10,540,none,True
SHJ-02,2026-04-10,361,none,True
AAN-01,2026-04-10,265,none,True
RAK-01,2026-04-10,218,none,True
FUJ-01,2026-04-10,184,none,True
DXB-01,2026-04-11,863,none,True
DXB-02,2026-04-11,696,none,True
DXB-03,2026-04-11,541,none,True
DXB-04,2026-04-11,393,none,True
AUH-01,2026-04-11,636,none,True
AUH-02,2026-04-11,467,none,True
AUH-03,2026-04-11,276,none,True
SHJ-01,2026-04-11,532,none,True
SHJ-02,2026-04-11,352,none,True
AAN-01,2026-04-11,213,none,True
RAK-01,2026-04-11,224,none,True
FUJ-01,2026-04-11,194,none,True
DXB-01,2026-04-12,634,none,False
DXB-02,2026-04-12,633,none,False
DXB-03,2026-04-12,393,none,False
DXB-04,2026-04-12,321,none,False
AUH-01,2026-04-12,496,none,False
AUH-02,2026-04-12,380,none,False
AUH-03,2026-04-12,291,none,False
SHJ-01,2026-04-12,387,none,False
SHJ-02,2026-04-12,349,none,False
AAN-01,2026-04-12,208,none,False
RAK-01,2026-04-12,158,none,False
FUJ-01,2026-04-12,135,none,False
DXB-01,2026-04-13,676,none,False
DXB-02,2026-04-13,578,none,False
DXB-03,2026-04-13,443,none,False
DXB-04,2026-04-13,332,none,False
AUH-01,2026-04-13,535,none,False
AUH-02,2026-04-13,415,none,False
AUH-03,2026-04-13,255,none,False
SHJ-01,2026-04-13,381,none,False
SHJ-02,2026-04-13,295,none,False
AAN-01,2026-04-13,213,none,False
RAK-01,2026-04-13,212,none,False
FUJ-01,2026-04-13,157,none,False
DXB-01,2026-04-14,525,none,False
DXB-02,2026-04-14,500,none,False
DXB-03,2026-04-14,414,none,False
DXB-04,2026-04-14,317,none,False
AUH-01,2026-04-14,505,none,False
AUH-02,2026-04-14,384,none,False
AUH-03,2026-04-14,276,none,False
SHJ-01,2026-04-14,466,none,False
SHJ-02,2026-04-14,308,none,False
AAN-01,2026-04-14,192,none,False
RAK-01,2026-04-14,199,none,False
FUJ-01,2026-04-14,141,none,False
DXB-01,2026-04-15,702,none,False
DXB-02,2026-04-15,596,none,False
DXB-03,2026-04-15,442,none,False
DXB-04,2026-04-15,381,none,False
AUH-01,2026-04-15,496,none,False
AUH-02,2026-04-15,454,none,False
AUH-03,2026-04-15,279,none,False
SHJ-01,2026-04-15,377,none,False
SHJ-02,2026-04-15,330,none,False
AAN-01,2026-04-15,188,none,False
RAK-01,2026-04-15,178,none,False
FUJ-01,2026-04-15,170,none,False
DXB-01,2026-04-16,713,none,False
DXB-02,2026-04-16,558,none,False
DXB-03,2026-04-16,489,none,False
DXB-04,2026-04-16,369,none,False
AUH-01,2026-04-16,593,none,False
AUH-02,2026-04-16,401,none,False
AUH-03,2026-04-16,319,none,False
SHJ-01,2026-04-16,355,none,False
SHJ-02,2026-04-16,319,none,False
AAN-01,2026-04-16,192,none,False
RAK-01,2026-04-16,194,none,False
FUJ-01,2026-04-16,156,none,False
DXB-01,2026-04-17,789,none,True
DXB-02,2026-04-17,816,none,True
DXB-03,2026-04-17,522,none,True
DXB-04,2026-04-17,409,none,True
AUH-01,2026-04-17,607,none,True
AUH-02,2026-04-17,455,none,True
AUH-03,2026-04-17,336,none,True
SHJ-01,2026-04-17,524,none,True
SHJ-02,2026-04-17,428,none,True
AAN-01,2026-04-17,282,none,True
RAK-01,2026-04-17,233,none,True
FUJ-01,2026-04-17,204,none,True
DXB-01,2026-04-18,719,none,True
DXB-02,2026-04-18,693,none,True
DXB-03,2026-04-18,575,none,True
DXB-04,2026-04-18,425,none,True
AUH-01,2026-04-18,633,none,True
AUH-02,2026-04-18,489,none,True
AUH-03,2026-04-18,351,none,True
SHJ-01,2026-04-18,559,none,True
SHJ-02,2026-04-18,398,none,True
AAN-01,2026-04-18,238,none,True
RAK-01,2026-04-18,233,none,True
FUJ-01,2026-04-18,143,none,True
DXB-01,2026-04-19,704,none,False
DXB-02,2026-04-19,398,none,False
DXB-03,2026-04-19,380,none,False
DXB-04,2026-04-19,348,none,False
AUH-01,2026-04-19,549,none,False
AUH-02,2026-04-19,344,none,False
AUH-03,2026-04-19,267,none,False
SHJ-01,2026-04-19,481,none,False
SHJ-02,2026-04-19,315,none,False
AAN-01,2026-04-19,251,none,False
RAK-01,2026-04-19,192,none,False
FUJ-01,2026-04-19,171,none,False
DXB-01,2026-04-20,780,none,False
DXB-02,2026-04-20,600,none,False
DXB-03,2026-04-20,410,none,False
DXB-04,2026-04-20,332,none,False
AUH-01,2026-04-20,525,none,False
AUH-02,2026-04-20,337,none,False
AUH-03,2026-04-20,279,none,False
SHJ-01,2026-04-20,400,none,False
SHJ-02,2026-04-20,357,none,False
AAN-01,2026-04-20,209,none,False
RAK-01,2026-04-20,187,none,False
FUJ-01,2026-04-20,163,none,False
DXB-01,2026-04-21,695,none,False
DXB-02,2026-04-21,626,none,False
DXB-03,2026-04-21,410,none,False
DXB-04,2026-04-21,304,none,False
AUH-01,2026-04-21,580,none,False
AUH-02,2026-04-21,370,none,False
AUH-03,2026-04-21,249,none,False
SHJ-01,2026-04-21,446,none,False
SHJ-02,2026-04-21,343,none,False
AAN-01,2026-04-21,180,none,False
RAK-01,2026-04-21,196,none,False
FUJ-01,2026-04-21,176,none,False
DXB-01,2026-04-22,705,none,False
DXB-02,2026-04-22,628,none,False
DXB-03,2026-04-22,394,none,False
DXB-04,2026-04-22,345,none,False
AUH-01,2026-04-22,514,none,False
AUH-02,2026-04-22,368,none,False
AUH-03,2026-04-22,308,none,False
SHJ-01,2026-04-22,486,none,False
SHJ-02,2026-04-22,383,none,False
AAN-01,2026-04-22,234,none,False
RAK-01,2026-04-22,191,none,False
FUJ-01,2026-04-22,170,none,False
DXB-01,2026-04-23,730,none,False
DXB-02,2026-04-23,601,none,False
DXB-03,2026-04-23,457,none,False
DXB-04,2026-04-23,361,none,False
AUH-01,2026-04-23,526,none,False
AUH-02,2026-04-23,360,none,False
AUH-03,2026-04-23,276,none,False
SHJ-01,2026-04-23,454,none,False
SHJ-02,2026-04-23,330,none,False
AAN-01,2026-04-23,216,none,False
RAK-01,2026-04-23,204,none,False
FUJ-01,2026-04-23,160,none,False
DXB-01,2026-04-24,861,none,True
DXB-02,2026-04-24,726,none,True
DXB-03,2026-04-24,474,none,True
DXB-04,2026-04-24,448,none,True
AUH-01,2026-04-24,596,none,True
AUH-02,2026-04-24,387,none,True
AUH-03,2026-04-24,306,none,True
SHJ-01,2026-04-24,460,none,True
SHJ-02,2026-04-24,392,none,True
AAN-01,2026-04-24,241,none,True
RAK-01,2026-04-24,221,none,True
FUJ-01,2026-04-24,206,none,True
DXB-01,2026-04-25,831,none,True
DXB-02,2026-04-25,723,none,True
DXB-03,2026-04-25,553,none,True
DXB-04,2026-04-25,419,none,True
AUH-01,2026-04-25,506,none,True
AUH-02,2026-04-25,440,none,True
AUH-03,2026-04-25,272,none,True
SHJ-01,2026-04-25,509,none,True
SHJ-02,2026-04-25,390,none,True
AAN-01,2026-04-25,270,none,True
RAK-01,2026-04-25,252,none,True
FUJ-01,2026-04-25,199,none,True
DXB-01,2026-04-26,653,none,False
DXB-02,2026-04-26,622,none,False
DXB-03,2026-04-26,431,none,False
DXB-04,2026-04-26,337,none,False
AUH-01,2026-04-26,577,none,False
AUH-02,2026-04-26,367,none,False
AUH-03,2026-04-26,308,none,False
SHJ-01,2026-04-26,457,none,False
SHJ-02,2026-04-26,303,none,False
AAN-01,2026-04-26,228,none,False
RAK-01,2026-04-26,205,none,False
FUJ-01,2026-04-26,167,none,False
DXB-01,2026-04-27,638,none,False
DXB-02,2026-04-27,550,none,False
DXB-03,2026-04-27,431,none,False
DXB-04,2026-04-27,353,none,False
AUH-01,2026-04-27,485,none,False
AUH-02,2026-04-27,402,none,False
AUH-03,2026-04-27,255,none,False
SHJ-01,2026-04-27,423,none,False
SHJ-02,2026-04-27,335,none,False
AAN-01,2026-04-27,256,none,False
RAK-01,2026-04-27,169,none,False
FUJ-01,2026-04-27,188,none,False
DXB-01,2026-04-28,695,none,False
DXB-02,2026-04-28,619,none,False
DXB-03,2026-04-28,458,none,False
DXB-04,2026-04-28,351,none,False
AUH-01,2026-04-28,523,none,False
AUH-02,2026-04-28,437,none,False
AUH-03,2026-04-28,276,none,False
SHJ-01,2026-04-28,475,none,False
SHJ-02,2026-04-28,312,none,False
AAN-01,2026-04-28,209,none,False
RAK-01,2026-04-28,175,none,False
FUJ-01,2026-04-28,173,none,False
DXB-01,2026-04-29,775,none,False
DXB-02,2026-04-29,593,none,False
DXB-03,2026-04-29,446,none,False
DXB-04,2026-04-29,304,none,False
AUH-01,2026-04-29,520,none,False
AUH-02,2026-04-29,332,none,False
AUH-03,2026-04-29,264,none,False
SHJ-01,2026-04-29,440,none,False
SHJ-02,2026-04-29,371,none,False
AAN-01,2026-04-29,263,none,False
RAK-01,2026-04-29,183,none,False
FUJ-01,2026-04-29,187,none,False
DXB-01,2026-04-30,701,none,False
DXB-02,2026-04-30,590,none,False
DXB-03,2026-04-30,472,none,False
DXB-04,2026-04-30,340,none,False
AUH-01,2026-04-30,537,none,False
AUH-02,2026-04-30,373,none,False
AUH-03,2026-04-30,252,none,False
SHJ-01,2026-04-30,372,none,False
SHJ-02,2026-04-30,352,none,False
AAN-01,2026-04-30,205,none,False
RAK-01,2026-04-30,183,none,False
FUJ-01,2026-04-30,166,none,False
DXB-01,2026-05-01,869,none,True
DXB-02,2026-05-01,717,none,True
DXB-03,2026-05-01,504,none,True
DXB-04,2026-05-01,443,none,True
AUH-01,2026-05-01,717,none,True
AUH-02,2026-05-01,478,none,True
AUH-03,2026-05-01,370,none,True
SHJ-01,2026-05-01,567,none,True
SHJ-02,2026-05-01,432,none,True
AAN-01,2026-05-01,262,none,True
RAK-01,2026-05-01,241,none,True
FUJ-01,2026-05-01,205,none,True
DXB-01,2026-05-02,731,none,True
DXB-02,2026-05-02,751,none,True
DXB-03,2026-05-02,471,none,True
DXB-04,2026-05-02,371,none,True
AUH-01,2026-05-02,702,none,True
AUH-02,2026-05-02,493,none,True
AUH-03,2026-05-02,386,none,True
SHJ-01,2026-05-02,498,none,True
SHJ-02,2026-05-02,352,none,True
AAN-01,2026-05-02,243,none,True
RAK-01,2026-05-02,231,none,True
FUJ-01,2026-05-02,198,none,True
DXB-01,2026-05-03,758,none,False
DXB-02,2026-05-03,580,none,False
DXB-03,2026-05-03,469,none,False
DXB-04,2026-05-03,308,none,False
AUH-01,2026-05-03,554,none,False
AUH-02,2026-05-03,389,none,False
AUH-03,2026-05-03,269,none,False
SHJ-01,2026-05-03,424,none,False
SHJ-02,2026-05-03,327,none,False
AAN-01,2026-05-03,206,none,False
RAK-01,2026-05-03,225,none,False
FUJ-01,2026-05-03,165,none,False
DXB-01,2026-05-04,674,none,False
DXB-02,2026-05-04,487,none,False
DXB-03,2026-05-04,419,none,False
DXB-04,2026-05-04,331,none,False
AUH-01,2026-05-04,500,none,False
AUH-02,2026-05-04,437,none,False
AUH-03,2026-05-04,284,none,False
SHJ-01,2026-05-04,483,none,False
SHJ-02,2026-05-04,335,none,False
AAN-01,2026-05-04,212,none,False
RAK-01,2026-05-04,193,none,False
FUJ-01,2026-05-04,167,none,False
DXB-01,2026-05-05,796,none,False
DXB-02,2026-05-05,475,none,False
DXB-03,2026-05-05,374,none,False
DXB-04,2026-05-05,322,none,False
AUH-01,2026-05-05,534,none,False
AUH-02,2026-05-05,413,none,False
AUH-03,2026-05-05,301,none,False
SHJ-01,2026-05-05,419,none,False
SHJ-02,2026-05-05,364,none,False
AAN-01,2026-05-05,231,none,False
RAK-01,2026-05-05,198,none,False
FUJ-01,2026-05-05,181,none,False
DXB-01,2026-05-06,707,none,False
DXB-02,2026-05-06,570,none,False
DXB-03,2026-05-06,485,none,False
DXB-04,2026-05-06,343,none,False
AUH-01,2026-05-06,534,none,False
AUH-02,2026-05-06,441,none,False
AUH-03,2026-05-06,225,none,False
SHJ-01,2026-05-06,379,none,False
SHJ-02,2026-05-06,298,none,False
AAN-01,2026-05-06,204,none,False
RAK-01,2026-05-06,190,none,False
FUJ-01,2026-05-06,144,none,False
DXB-01,2026-05-07,629,none,False
DXB-02,2026-05-07,555,none,False
DXB-03,2026-05-07,557,none,False
DXB-04,2026-05-07,395,none,False
AUH-01,2026-05-07,515,none,False
AUH-02,2026-05-07,377,none,False
AUH-03,2026-05-07,260,none,False
SHJ-01,2026-05-07,360,none,False
SHJ-02,2026-05-07,331,none,False
AAN-01,2026-05-07,193,none,False
RAK-01,2026-05-07,193,none,False
FUJ-01,2026-05-07,143,none,False
DXB-01,2026-05-08,759,none,True
DXB-02,2026-05-08,720,none,True
DXB-03,2026-05-08,557,none,True
DXB-04,2026-05-08,416,none,True
AUH-01,2026-05-08,556,none,True
AUH-02,2026-05-08,496,none,True
AUH-03,2026-05-08,317,none,True
SHJ-01,2026-05-08,542,none,True
SHJ-02,2026-05-08,394,none,True
AAN-01,2026-05-08,219,none,True
RAK-01,2026-05-08,224,none,True
FUJ-01,2026-05-08,204,none,True
DXB-01,2026-05-09,861,none,True
DXB-02,2026-05-09,702,none,True
DXB-03,2026-05-09,614,none,True
DXB-04,2026-05-09,438,none,True
AUH-01,2026-05-09,617,none,True
AUH-02,2026-05-09,492,none,True
AUH-03,2026-05-09,402,none,True
SHJ-01,2026-05-09,604,none,True
SHJ-02,2026-05-09,351,none,True
AAN-01,2026-05-09,229,none,True
RAK-01,2026-05-09,261,none,True
FUJ-01,2026-05-09,179,none,True
DXB-01,2026-05-10,610,none,False
DXB-02,2026-05-10,576,none,False
DXB-03,2026-05-10,475,none,False
DXB-04,2026-05-10,337,none,False
AUH-01,2026-05-10,504,none,False
AUH-02,2026-05-10,367,none,False
AUH-03,2026-05-10,272,none,False
SHJ-01,2026-05-10,401,none,False
SHJ-02,2026-05-10,404,none,False
AAN-01,2026-05-10,218,none,False
RAK-01,2026-05-10,211,none,False
FUJ-01,2026-05-10,160,none,False
DXB-01,2026-05-11,681,none,False
DXB-02,2026-05-11,564,none,False
DXB-03,2026-05-11,349,none,False
DXB-04,2026-05-11,298,none,False
AUH-01,2026-05-11,449,none,False
AUH-02,2026-05-11,312,none,False
AUH-03,2026-05-11,259,none,False
SHJ-01,2026-05-11,488,none,False
SHJ-02,2026-05-11,334,none,False
AAN-01,2026-05-11,237,none,False
RAK-01,2026-05-11,203,none,False
FUJ-01,2026-05-11,179,none,False
DXB-01,2026-05-12,637,none,False
DXB-02,2026-05-12,632,none,False
DXB-03,2026-05-12,488,none,False
DXB-04,2026-05-12,323,none,False
AUH-01,2026-05-12,564,none,False
AUH-02,2026-05-12,411,none,False
AUH-03,2026-05-12,276,none,False
SHJ-01,2026-05-12,392,none,False
SHJ-02,2026-05-12,300,none,False
AAN-01,2026-05-12,214,none,False
RAK-01,2026-05-12,201,none,False
FUJ-01,2026-05-12,156,none,False
DXB-01,2026-05-13,695,none,False
DXB-02,2026-05-13,635,none,False
DXB-03,2026-05-13,484,none,False
DXB-04,2026-05-13,389,none,False
AUH-01,2026-05-13,599,none,False
AUH-02,2026-05-13,356,none,False
AUH-03,2026-05-13,335,none,False
SHJ-01,2026-05-13,415,none,False
SHJ-02,2026-05-13,367,none,False
AAN-01,2026-05-13,214,none,False
RAK-01,2026-05-13,189,none,False
FUJ-01,2026-05-13,141,none,False
DXB-01,2026-05-14,683,none,False
DXB-02,2026-05-14,520,none,False
DXB-03,2026-05-14,499,none,False
DXB-04,2026-05-14,388,none,False
AUH-01,2026-05-14,499,none,False
AUH-02,2026-05-14,403,none,False
AUH-03,2026-05-14,272,none,False
SHJ-01,2026-05-14,412,none,False
SHJ-02,2026-05-14,359,none,False
AAN-01,2026-05-14,212,none,False
RAK-01,2026-05-14,227,none,False
FUJ-01,2026-05-14,161,none,False
DXB-01,2026-05-15,894,none,True
DXB-02,2026-05-15,720,none,True
DXB-03,2026-05-15,581,none,True
DXB-04,2026-05-15,387,none,True
AUH-01,2026-05-15,632,none,True
AUH-02,2026-05-15,458,none,True
AUH-03,2026-05-15,318,none,True
SHJ-01,2026-05-15,546,none,True
SHJ-02,2026-05-15,420,none,True
AAN-01,2026-05-15,265,none,True
RAK-01,2026-05-15,263,none,True
FUJ-01,2026-05-15,224,none,True
DXB-01,2026-05-16,793,none,True
DXB-02,2026-05-16,739,none,True
DXB-03,2026-05-16,512,none,True
DXB-04,2026-05-16,404,none,True
AUH-01,2026-05-16,601,none,True
AUH-02,2026-05-16,531,none,True
AUH-03,2026-05-16,355,none,True
SHJ-01,2026-05-16,506,none,True
SHJ-02,2026-05-16,440,none,True
AAN-01,2026-05-16,202,none,True
RAK-01,2026-05-16,190,none,True
FUJ-01,2026-05-16,213,none,True
DXB-01,2026-05-17,700,none,False
DXB-02,2026-05-17,620,none,False
DXB-03,2026-05-17,405,none,False
DXB-04,2026-05-17,342,none,False
AUH-01,2026-05-17,636,none,False
AUH-02,2026-05-17,422,none,False
AUH-03,2026-05-17,296,none,False
SHJ-01,2026-05-17,420,none,False
SHJ-02,2026-05-17,325,none,False
AAN-01,2026-05-17,172,none,False
RAK-01,2026-05-17,201,none,False
FUJ-01,2026-05-17,181,none,False
DXB-01,2026-05-18,598,none,False
DXB-02,2026-05-18,570,none,False
DXB-03,2026-05-18,413,none,False
DXB-04,2026-05-18,313,none,False
AUH-01,2026-05-18,542,none,False
AUH-02,2026-05-18,319,none,False
AUH-03,2026-05-18,308,none,False
SHJ-01,2026-05-18,468,none,False
SHJ-02,2026-05-18,329,none,False
AAN-01,2026-05-18,166,none,False
RAK-01,2026-05-18,179,none,False
FUJ-01,2026-05-18,187,none,False
DXB-01,2026-05-19,523,none,False
DXB-02,2026-05-19,588,none,False
DXB-03,2026-05-19,412,none,False
DXB-04,2026-05-19,368,none,False
AUH-01,2026-05-19,507,none,False
AUH-02,2026-05-19,408,none,False
AUH-03,2026-05-19,307,none,False
SHJ-01,2026-05-19,511,none,False
SHJ-02,2026-05-19,331,none,False
AAN-01,2026-05-19,221,none,False
RAK-01,2026-05-19,170,none,False
FUJ-01,2026-05-19,187,none,False
DXB-01,2026-05-20,650,none,False
DXB-02,2026-05-20,577,none,False
DXB-03,2026-05-20,460,none,False
DXB-04,2026-05-20,295,none,False
AUH-01,2026-05-20,551,none,False
AUH-02,2026-05-20,428,none,False
AUH-03,2026-05-20,300,none,False
SHJ-01,2026-05-20,376,none,False
SHJ-02,2026-05-20,334,none,False
AAN-01,2026-05-20,228,none,False
RAK-01,2026-05-20,164,none,False
FUJ-01,2026-05-20,152,none,False
DXB-01,2026-05-21,753,none,False
DXB-02,2026-05-21,623,none,False
DXB-03,2026-05-21,479,none,False
DXB-04,2026-05-21,401,none,False
AUH-01,2026-05-21,563,none,False
AUH-02,2026-05-21,417,none,False
AUH-03,2026-05-21,364,none,False
SHJ-01,2026-05-21,431,none,False
SHJ-02,2026-05-21,314,none,False
AAN-01,2026-05-21,222,none,False
RAK-01,2026-05-21,205,none,False
FUJ-01,2026-05-21,161,none,False
DXB-01,2026-05-22,748,none,True
DXB-02,2026-05-22,867,none,True
DXB-03,2026-05-22,561,none,True
DXB-04,2026-05-22,379,none,True
AUH-01,2026-05-22,691,none,True
AUH-02,2026-05-22,461,none,True
AUH-03,2026-05-22,338,none,True
SHJ-01,2026-05-22,545,none,True
SHJ-02,2026-05-22,353,none,True
AAN-01,2026-05-22,261,none,True
RAK-01,2026-05-22,273,none,True
FUJ-01,2026-05-22,208,none,True
DXB-01,2026-05-23,797,none,True
DXB-02,2026-05-23,686,none,True
DXB-03,2026-05-23,525,none,True
DXB-04,2026-05-23,397,none,True
AUH-01,2026-05-23,617,none,True
AUH-02,2026-05-23,504,none,True
AUH-03,2026-05-23,292,none,True
SHJ-01,2026-05-23,559,none,True
SHJ-02,2026-05-23,386,none,True
AAN-01,2026-05-23,261,none,True
RAK-01,2026-05-23,209,none,True
FUJ-01,2026-05-23,223,none,True
DXB-01,2026-05-24,778,none,False
DXB-02,2026-05-24,662,none,False
DXB-03,2026-05-24,400,none,False
DXB-04,2026-05-24,370,none,False
AUH-01,2026-05-24,562,none,False
AUH-02,2026-05-24,338,none,False
AUH-03,2026-05-24,293,none,False
SHJ-01,2026-05-24,455,none,False
SHJ-02,2026-05-24,356,none,False
AAN-01,2026-05-24,218,none,False
RAK-01,2026-05-24,203,none,False
FUJ-01,2026-05-24,192,none,False
DXB-01,2026-05-25,778,none,False
DXB-02,2026-05-25,453,none,False
DXB-03,2026-05-25,450,none,False
DXB-04,2026-05-25,339,none,False
AUH-01,2026-05-25,457,none,False
AUH-02,2026-05-25,399,none,False
AUH-03,2026-05-25,327,none,False
SHJ-01,2026-05-25,397,none,False
SHJ-02,2026-05-25,349,none,False
AAN-01,2026-05-25,197,none,False
RAK-01,2026-05-25,186,none,False
FUJ-01,2026-05-25,192,none,False
DXB-01,2026-05-26,667,none,False
DXB-02,2026-05-26,636,none,False
DXB-03,2026-05-26,385,none,False
DXB-04,2026-05-26,403,none,False
AUH-01,2026-05-26,572,none,False
AUH-02,2026-05-26,389,none,False
AUH-03,2026-05-26,309,none,False
SHJ-01,2026-05-26,385,none,False
SHJ-02,2026-05-26,375,none,False
AAN-01,2026-05-26,209,none,False
RAK-01,2026-05-26,194,none,False
FUJ-01,2026-05-26,162,none,False
DXB-01,2026-05-27,665,none,False
DXB-02,2026-05-27,649,none,False
DXB-03,2026-05-27,475,none,False
DXB-04,2026-05-27,365,none,False
AUH-01,2026-05-27,543,none,False
AUH-02,2026-05-27,414,none,False
AUH-03,2026-05-27,283,none,False
SHJ-01,2026-05-27,530,none,False
SHJ-02,2026-05-27,292,none,False
AAN-01,2026-05-27,239,none,False
RAK-01,2026-05-27,222,none,False
FUJ-01,2026-05-27,157,none,False
DXB-01,2026-05-28,843,none,False
DXB-02,2026-05-28,666,none,False
DXB-03,2026-05-28,505,none,False
DXB-04,2026-05-28,346,none,False
AUH-01,2026-05-28,533,none,False
AUH-02,2026-05-28,389,none,False
AUH-03,2026-05-28,305,none,False
SHJ-01,2026-05-28,497,none,False
SHJ-02,2026-05-28,345,none,False
AAN-01,2026-05-28,197,none,False
RAK-01,2026-05-28,213,none,False
FUJ-01,2026-05-28,184,none,False
DXB-01,2026-05-29,878,none,True
DXB-02,2026-05-29,771,none,True
DXB-03,2026-05-29,535,none,True
DXB-04,2026-05-29,374,none,True
AUH-01,2026-05-29,592,none,True
AUH-02,2026-05-29,399,none,True
AUH-03,2026-05-29,355,none,True
SHJ-01,2026-05-29,518,none,True
SHJ-02,2026-05-29,385,none,True
AAN-01,2026-05-29,186,none,True
RAK-01,2026-05-29,208,none,True
FUJ-01,2026-05-29,221,none,True
DXB-01,2026-05-30,780,none,True
DXB-02,2026-05-30,746,none,True
DXB-03,2026-05-30,480,none,True
DXB-04,2026-05-30,461,none,True
AUH-01,2026-05-30,634,none,True
AUH-02,2026-05-30,481,none,True
AUH-03,2026-05-30,421,none,True
SHJ-01,2026-05-30,593,none,True
SHJ-02,2026-05-30,390,none,True
AAN-01,2026-05-30,241,none,True
RAK-01,2026-05-30,227,none,True
FUJ-01,2026-05-30,210,none,True
DXB-01,2026-05-31,697,none,False
DXB-02,2026-05-31,591,none,False
DXB-03,2026-05-31,527,none,False
DXB-04,2026-05-31,343,none,False
AUH-01,2026-05-31,658,none,False
AUH-02,2026-05-31,400,none,False
AUH-03,2026-05-31,343,none,False
SHJ-01,2026-05-31,457,none,False
SHJ-02,2026-05-31,370,none,False
AAN-01,2026-05-31,202,none,False
RAK-01,2026-05-31,183,none,False
FUJ-01,2026-05-31,177,none,False
DXB-01,2026-06-01,767,none,False
DXB-02,2026-06-01,616,none,False
DXB-03,2026-06-01,412,none,False
DXB-04,2026-06-01,304,none,False
AUH-01,2026-06-01,475,none,False
AUH-02,2026-06-01,334,none,False
AUH-03,2026-06-01,298,none,False
SHJ-01,2026-06-01,488,none,False
SHJ-02,2026-06-01,340,none,False
AAN-01,2026-06-01,172,none,False
RAK-01,2026-06-01,195,none,False
FUJ-01,2026-06-01,168,none,False
DXB-01,2026-06-02,838,none,False
DXB-02,2026-06-02,533,none,False
DXB-03,2026-06-02,450,none,False
DXB-04,2026-06-02,400,none,False
AUH-01,2026-06-02,568,none,False
AUH-02,2026-06-02,418,none,False
AUH-03,2026-06-02,299,none,False
SHJ-01,2026-06-02,457,none,False
SHJ-02,2026-06-02,365,none,False
AAN-01,2026-06-02,200,none,False
RAK-01,2026-06-02,215,none,False
FUJ-01,2026-06-02,149,none,False
DXB-01,2026-06-03,726,none,False
DXB-02,2026-06-03,624,none,False
DXB-03,2026-06-03,441,none,False
DXB-04,2026-06-03,346,none,False
AUH-01,2026-06-03,515,none,False
AUH-02,2026-06-03,360,none,False
AUH-03,2026-06-03,286,none,False
SHJ-01,2026-06-03,400,none,False
SHJ-02,2026-06-03,351,none,False
AAN-01,2026-06-03,194,none,False
RAK-01,2026-06-03,212,none,False
FUJ-01,2026-06-03,153,none,False
DXB-01,2026-06-04,670,none,False
DXB-02,2026-06-04,580,none,False
DXB-03,2026-06-04,523,none,False
DXB-04,2026-06-04,358,none,False
AUH-01,2026-06-04,536,none,False
AUH-02,2026-06-04,416,none,False
AUH-03,2026-06-04,240,none,False
SHJ-01,2026-06-04,442,none,False
SHJ-02,2026-06-04,403,none,False
AAN-01,2026-06-04,219,none,False
RAK-01,2026-06-04,200,none,False
FUJ-01,2026-06-04,179,none,False
DXB-01,2026-06-05,901,none,True
DXB-02,2026-06-05,596,none,True
DXB-03,2026-06-05,468,none,True
DXB-04,2026-06-05,418,none,True
AUH-01,2026-06-05,604,none,True
AUH-02,2026-06-05,526,none,True
AUH-03,2026-06-05,340,none,True
SHJ-01,2026-06-05,433,none,True
SHJ-02,2026-06-05,357,none,True
AAN-01,2026-06-05,192,none,True
RAK-01,2026-06-05,230,none,True
FUJ-01,2026-06-05,198,none,True
DXB-01,2026-06-06,802,none,True
DXB-02,2026-06-06,797,none,True
DXB-03,2026-06-06,611,none,True
DXB-04,2026-06-06,404,none,True
AUH-01,2026-06-06,522,none,True
AUH-02,2026-06-06,497,none,True
AUH-03,2026-06-06,367,none,True
SHJ-01,2026-06-06,539,none,True
SHJ-02,2026-06-06,439,none,True
AAN-01,2026-06-06,229,none,True
RAK-01,2026-06-06,278,none,True
FUJ-01,2026-06-06,184,none,True
DXB-01,2026-06-07,755,none,False
DXB-02,2026-06-07,523,none,False
DXB-03,2026-06-07,429,none,False
DXB-04,2026-06-07,396,none,False
AUH-01,2026-06-07,535,none,False
AUH-02,2026-06-07,430,none,False
AUH-03,2026-06-07,303,none,False
SHJ-01,2026-06-07,441,none,False
SHJ-02,2026-06-07,384,none,False
AAN-01,2026-06-07,212,none,False
RAK-01,2026-06-07,168,none,False
FUJ-01,2026-06-07,159,none,False
DXB-01,2026-06-08,743,none,False
DXB-02,2026-06-08,639,none,False
DXB-03,2026-06-08,402,none,False
DXB-04,2026-06-08,326,none,False
AUH-01,2026-06-08,520,none,False
AUH-02,2026-06-08,387,none,False
AUH-03,2026-06-08,260,none,False
SHJ-01,2026-06-08,420,none,False
SHJ-02,2026-06-08,320,none,False
AAN-01,2026-06-08,232,none,False
RAK-01,2026-06-08,214,none,False
FUJ-01,2026-06-08,169,none,False
DXB-01,2026-06-09,684,none,False
DXB-02,2026-06-09,625,none,False
DXB-03,2026-06-09,434,none,False
DXB-04,2026-06-09,313,none,False
AUH-01,2026-06-09,502,none,False
AUH-02,2026-06-09,377,none,False
AUH-03,2026-06-09,266,none,False
SHJ-01,2026-06-09,452,none,False
SHJ-02,2026-06-09,365,none,False
AAN-01,2026-06-09,186,none,False
RAK-01,2026-06-09,200,none,False
FUJ-01,2026-06-09,168,none,False
DXB-01,2026-06-10,731,none,False
DXB-02,2026-06-10,617,none,False
DXB-03,2026-06-10,408,none,False
DXB-04,2026-06-10,309,none,False
AUH-01,2026-06-10,551,none,False
AUH-02,2026-06-10,437,none,False
AUH-03,2026-06-10,238,none,False
SHJ-01,2026-06-10,460,none,False
SHJ-02,2026-06-10,380,none,False
AAN-01,2026-06-10,214,none,False
RAK-01,2026-06-10,210,none,False
FUJ-01,2026-06-10,161,none,False
DXB-01,2026-06-11,702,none,False
DXB-02,2026-06-11,528,none,False
DXB-03,2026-06-11,370,none,False
DXB-04,2026-06-11,379,none,False
AUH-01,2026-06-11,501,none,False
AUH-02,2026-06-11,384,none,False
AUH-03,2026-06-11,261,none,False
SHJ-01,2026-06-11,390,none,False
SHJ-02,2026-06-11,338,none,False
AAN-01,2026-06-11,203,none,False
RAK-01,2026-06-11,207,none,False
FUJ-01,2026-06-11,179,none,False
DXB-01,2026-06-12,862,none,True
DXB-02,2026-06-12,746,none,True
DXB-03,2026-06-12,633,none,True
DXB-04,2026-06-12,373,none,True
AUH-01,2026-06-12,646,none,True
AUH-02,2026-06-12,521,none,True
AUH-03,2026-06-12,392,none,True
SHJ-01,2026-06-12,460,none,True
SHJ-02,2026-06-12,394,none,True
AAN-01,2026-06-12,288,none,True
RAK-01,2026-06-12,247,none,True
FUJ-01,2026-06-12,206,none,True
DXB-01,2026-06-13,822,none,True
DXB-02,2026-06-13,705,none,True
DXB-03,2026-06-13,569,none,True
DXB-04,2026-06-13,403,none,True
AUH-01,2026-06-13,647,none,True
AUH-02,2026-06-13,477,none,True
AUH-03,2026-06-13,330,none,True
SHJ-01,2026-06-13,553,none,True
SHJ-02,2026-06-13,512,none,True
AAN-01,2026-06-13,216,none,True
RAK-01,2026-06-13,244,none,True
FUJ-01,2026-06-13,189,none,True
DXB-01,2026-06-14,748,none,False
DXB-02,2026-06-14,622,none,False
DXB-03,2026-06-14,503,none,False
DXB-04,2026-06-14,387,none,False
AUH-01,2026-06-14,560,none,False
AUH-02,2026-06-14,443,none,False
AUH-03,2026-06-14,235,none,False
SHJ-01,2026-06-14,512,none,False
SHJ-02,2026-06-14,356,none,False
AAN-01,2026-06-14,239,none,False
RAK-01,2026-06-14,179,none,False
FUJ-01,2026-06-14,159,none,False
DXB-01,2026-06-15,721,none,False
DXB-02,2026-06-15,619,none,False
DXB-03,2026-06-15,483,none,False
DXB-04,2026-06-15,384,none,False
AUH-01,2026-06-15,464,none,False
AUH-02,2026-06-15,437,none,False
AUH-03,2026-06-15,299,none,False
SHJ-01,2026-06-15,440,none,False
SHJ-02,2026-06-15,299,none,False
AAN-01,2026-06-15,228,none,False
RAK-01,2026-06-15,157,none,False
FUJ-01,2026-06-15,182,none,False
DXB-01,2026-06-16,617,none,False
DXB-02,2026-06-16,624,none,False
DXB-03,2026-06-16,466,none,False
DXB-04,2026-06-16,387,none,False
AUH-01,2026-06-16,543,none,False
AUH-02,2026-06-16,377,none,False
AUH-03,2026-06-16,285,none,False
SHJ-01,2026-06-16,500,none,False
SHJ-02,2026-06-16,361,none,False
AAN-01,2026-06-16,211,none,False
RAK-01,2026-06-16,197,none,False
FUJ-01,2026-06-16,148,none,False
DXB-01,2026-06-17,738,none,False
DXB-02,2026-06-17,523,none,False
DXB-03,2026-06-17,504,none,False
DXB-04,2026-06-17,355,none,False
AUH-01,2026-06-17,671,none,False
AUH-02,2026-06-17,363,none,False
AUH-03,2026-06-17,296,none,False
SHJ-01,2026-06-17,521,none,False
SHJ-02,2026-06-17,382,none,False
AAN-01,2026-06-17,205,none,False
RAK-01,2026-06-17,205,none,False
FUJ-01,2026-06-17,173,none,False
DXB-01,2026-06-18,732,none,False
DXB-02,2026-06-18,583,none,False
DXB-03,2026-06-18,468,none,False
DXB-04,2026-06-18,301,none,False
AUH-01,2026-06-18,559,none,False
AUH-02,2026-06-18,419,none,False
AUH-03,2026-06-18,293,none,False
SHJ-01,2026-06-18,384,none,False
SHJ-02,2026-06-18,376,none,False
AAN-01,2026-06-18,226,none,False
RAK-01,2026-06-18,188,none,False
FUJ-01,2026-06-18,168,none,False
DXB-01,2026-06-19,729,none,True
DXB-02,2026-06-19,666,none,True
DXB-03,2026-06-19,530,none,True
DXB-04,2026-06-19,460,none,True
AUH-01,2026-06-19,615,none,True
AUH-02,2026-06-19,503,none,True
AUH-03,2026-06-19,336,none,True
SHJ-01,2026-06-19,542,none,True
SHJ-02,2026-06-19,403,none,True
AAN-01,2026-06-19,279,none,True
RAK-01,2026-06-19,226,none,True
FUJ-01,2026-06-19,175,none,True
DXB-01,2026-06-20,739,none,True
DXB-02,2026-06-20,700,none,True
DXB-03,2026-06-20,495,none,True
DXB-04,2026-06-20,430,none,True
AUH-01,2026-06-20,626,none,True
AUH-02,2026-06-20,578,none,True
AUH-03,2026-06-20,298,none,True
SHJ-01,2026-06-20,540,none,True
SHJ-02,2026-06-20,367,none,True
AAN-01,2026-06-20,247,none,True
RAK-01,2026-06-20,241,none,True
FUJ-01,2026-06-20,161,none,True
DXB-01,2026-06-21,731,none,False
DXB-02,2026-06-21,730,none,False
DXB-03,2026-06-21,454,none,False
DXB-04,2026-06-21,360,none,False
AUH-01,2026-06-21,605,none,False
AUH-02,2026-06-21,398,none,False
AUH-03,2026-06-21,284,none,False
SHJ-01,2026-06-21,358,none,False
SHJ-02,2026-06-21,366,none,False
AAN-01,2026-06-21,217,none,False
RAK-01,2026-06-21,184,none,False
FUJ-01,2026-06-21,175,none,False
DXB-01,2026-06-22,678,none,False
DXB-02,2026-06-22,594,none,False
DXB-03,2026-06-22,499,none,False
DXB-04,2026-06-22,310,none,False
AUH-01,2026-06-22,607,none,False
AUH-02,2026-06-22,353,none,False
AUH-03,2026-06-22,282,none,False
SHJ-01,2026-06-22,528,none,False
SHJ-02,2026-06-22,382,none,False
AAN-01,2026-06-22,221,none,False
RAK-01,2026-06-22,185,none,False
FUJ-01,2026-06-22,165,none,False
DXB-01,2026-06-23,721,none,False
DXB-02,2026-06-23,626,none,False
DXB-03,2026-06-23,470,none,False
DXB-04,2026-06-23,352,none,False
AUH-01,2026-06-23,544,none,False
AUH-02,2026-06-23,352,none,False
AUH-03,2026-06-23,287,none,False
SHJ-01,2026-06-23,488,none,False
SHJ-02,2026-06-23,304,none,False
AAN-01,2026-06-23,216,none,False
RAK-01,2026-06-23,187,none,False
FUJ-01,2026-06-23,175,none,False
DXB-01,2026-06-24,692,none,False
DXB-02,2026-06-24,708,none,False
DXB-03,2026-06-24,496,none,False
DXB-04,2026-06-24,311,none,False
AUH-01,2026-06-24,589,none,False
AUH-02,2026-06-24,377,none,False
AUH-03,2026-06-24,285,none,False
SHJ-01,2026-06-24,464,none,False
SHJ-02,2026-06-24,332,none,False
AAN-01,2026-06-24,237,none,False
RAK-01,2026-06-24,188,none,False
FUJ-01,2026-06-24,164,none,False
DXB-01,2026-06-25,675,none,False
DXB-02,2026-06-25,593,none,False
DXB-03,2026-06-25,522,none,False
DXB-04,2026-06-25,373,none,False
AUH-01,2026-06-25,641,none,False
AUH-02,2026-06-25,488,none,False
AUH-03,2026-06-25,273,none,False
SHJ-01,2026-06-25,454,none,False
SHJ-02,2026-06-25,310,none,False
AAN-01,2026-06-25,205,none,False
RAK-01,2026-06-25,191,none,False
FUJ-01,2026-06-25,157,none,False
DXB-01,2026-06-26,767,none,True
DXB-02,2026-06-26,729,none,True
DXB-03,2026-06-26,499,none,True
DXB-04,2026-06-26,449,none,True
AUH-01,2026-06-26,602,none,True
AUH-02,2026-06-26,599,none,True
AUH-03,2026-06-26,341,none,True
SHJ-01,2026-06-26,537,none,True
SHJ-02,2026-06-26,362,none,True
AAN-01,2026-06-26,300,none,True
RAK-01,2026-06-26,263,none,True
FUJ-01,2026-06-26,211,none,True
DXB-01,2026-06-27,745,none,True
DXB-02,2026-06-27,753,none,True
DXB-03,2026-06-27,504,none,True
DXB-04,2026-06-27,472,none,True
AUH-01,2026-06-27,704,none,True
AUH-02,2026-06-27,483,none,True
AUH-03,2026-06-27,278,none,True
SHJ-01,2026-06-27,486,none,True
SHJ-02,2026-06-27,436,none,True
AAN-01,2026-06-27,288,none,True
RAK-01,2026-06-27,263,none,True
FUJ-01,2026-06-27,176,none,True
DXB-01,2026-06-28,739,none,False
DXB-02,2026-06-28,684,none,False
DXB-03,2026-06-28,405,none,False
DXB-04,2026-06-28,354,none,False
AUH-01,2026-06-28,571,none,False
AUH-02,2026-06-28,395,none,False
AUH-03,2026-06-28,251,none,False
SHJ-01,2026-06-28,439,none,False
SHJ-02,2026-06-28,338,none,False
AAN-01,2026-06-28,218,none,False
RAK-01,2026-06-28,193,none,False
FUJ-01,2026-06-28,167,none,False
DXB-01,2026-06-29,717,none,False
DXB-02,2026-06-29,652,none,False
DXB-03,2026-06-29,463,none,False
DXB-04,2026-06-29,341,none,False
AUH-01,2026-06-29,562,none,False
AUH-02,2026-06-29,336,none,False
AUH-03,2026-06-29,315,none,False
SHJ-01,2026-06-29,453,none,False
SHJ-02,2026-06-29,350,none,False
AAN-01,2026-06-29,240,none,False
RAK-01,2026-06-29,167,none,False
FUJ-01,2026-06-29,143,none,False
DXB-01,2026-06-30,738,none,False
DXB-02,2026-06-30,627,none,False
DXB-03,2026-06-30,484,none,False
DXB-04,2026-06-30,340,none,False
AUH-01,2026-06-30,591,none,False
AUH-02,2026-06-30,441,none,False
AUH-03,2026-06-30,315,none,False
SHJ-01,2026-06-30,443,none,False
SHJ-02,2026-06-30,282,none,False
AAN-01,2026-06-30,236,none,False
RAK-01,2026-06-30,226,none,False
FUJ-01,2026-06-30,184,none,False
DXB-01,2026-07-01,664,none,False
DXB-02,2026-07-01,666,none,False
DXB-03,2026-07-01,514,none,False
DXB-04,2026-07-01,404,none,False
AUH-01,2026-07-01,514,none,False
AUH-02,2026-07-01,399,none,False
AUH-03,2026-07-01,323,none,False
SHJ-01,2026-07-01,456,none,False
SHJ-02,2026-07-01,314,none,False
AAN-01,2026-07-01,229,none,False
RAK-01,2026-07-01,214,none,False
FUJ-01,2026-07-01,176,none,False
DXB-01,2026-07-02,736,none,False
DXB-02,2026-07-02,614,none,False
DXB-03,2026-07-02,541,none,False
DXB-04,2026-07-02,326,none,False
AUH-01,2026-07-02,529,none,False
AUH-02,2026-07-02,408,none,False
AUH-03,2026-07-02,327,none,False
SHJ-01,2026-07-02,393,none,False
SHJ-02,2026-07-02,308,none,False
AAN-01,2026-07-02,181,none,False
RAK-01,2026-07-02,204,none,False
FUJ-01,2026-07-02,157,none,False
DXB-01,2026-07-03,823,none,True
DXB-02,2026-07-03,786,none,True
DXB-03,2026-07-03,531,none,True
DXB-04,2026-07-03,428,none,True
AUH-01,2026-07-03,642,none,True
AUH-02,2026-07-03,510,none,True
AUH-03,2026-07-03,373,none,True
SHJ-01,2026-07-03,503,none,True
SHJ-02,2026-07-03,406,none,True
AAN-01,2026-07-03,286,none,True
RAK-01,2026-07-03,249,none,True
FUJ-01,2026-07-03,180,none,True
DXB-01,2026-07-04,903,none,True
DXB-02,2026-07-04,670,none,True
DXB-03,2026-07-04,636,none,True
DXB-04,2026-07-04,458,none,True
AUH-01,2026-07-04,677,none,True
AUH-02,2026-07-04,488,none,True
AUH-03,2026-07-04,351,none,True
SHJ-01,2026-07-04,569,none,True
SHJ-02,2026-07-04,399,none,True
AAN-01,2026-07-04,267,none,True
RAK-01,2026-07-04,260,none,True
FUJ-01,2026-07-04,196,none,True
DXB-01,2026-07-05,683,none,False
DXB-02,2026-07-05,562,none,False
DXB-03,2026-07-05,432,none,False
DXB-04,2026-07-05,297,none,False
AUH-01,2026-07-05,597,none,False
AUH-02,2026-07-05,475,none,False
AUH-03,2026-07-05,342,none,False
SHJ-01,2026-07-05,388,none,False
SHJ-02,2026-07-05,373,none,False
AAN-01,2026-07-05,250,none,False
RAK-01,2026-07-05,196,none,False
FUJ-01,2026-07-05,177,none,False
DXB-01,2026-07-06,593,none,False
DXB-02,2026-07-06,646,none,False
DXB-03,2026-07-06,433,none,False
DXB-04,2026-07-06,362,none,False
AUH-01,2026-07-06,482,none,False
AUH-02,2026-07-06,429,none,False
AUH-03,2026-07-06,332,none,False
SHJ-01,2026-07-06,423,none,False
SHJ-02,2026-07-06,314,none,False
AAN-01,2026-07-06,179,none,False
RAK-01,2026-07-06,199,none,False
FUJ-01,2026-07-06,166,none,False
DXB-01,2026-07-07,623,none,False
DXB-02,2026-07-07,657,none,False
DXB-03,2026-07-07,460,none,False
DXB-04,2026-07-07,322,none,False
AUH-01,2026-07-07,533,none,False
AUH-02,2026-07-07,448,none,False
AUH-03,2026-07-07,320,none,False
SHJ-01,2026-07-07,450,none,False
SHJ-02,2026-07-07,370,none,False
AAN-01,2026-07-07,199,none,False
RAK-01,2026-07-07,205,none,False
FUJ-01,2026-07-07,178,none,False
DXB-01,2026-07-08,694,none,False
DXB-02,2026-07-08,656,none,False
DXB-03,2026-07-08,446,none,False
DXB-04,2026-07-08,373,none,False
AUH-01,2026-07-08,589,none,False
AUH-02,2026-07-08,302,none,False
AUH-03,2026-07-08,337,none,False
SHJ-01,2026-07-08,331,none,False
SHJ-02,2026-07-08,331,none,False
AAN-01,2026-07-08,243,none,False
RAK-01,2026-07-08,199,none,False
FUJ-01,2026-07-08,152,none,False
DXB-01,2026-07-09,654,none,False
DXB-02,2026-07-09,690,none,False
DXB-03,2026-07-09,397,none,False
DXB-04,2026-07-09,393,none,False
AUH-01,2026-07-09,559,none,False
AUH-02,2026-07-09,366,none,False
AUH-03,2026-07-09,288,none,False
SHJ-01,2026-07-09,415,none,False
SHJ-02,2026-07-09,378,none,False
AAN-01,2026-07-09,237,none,False
RAK-01,2026-07-09,173,none,False
FUJ-01,2026-07-09,169,none,False
DXB-01,2026-07-10,790,none,True
DXB-02,2026-07-10,833,none,True
DXB-03,2026-07-10,498,none,True
DXB-04,2026-07-10,482,none,True
AUH-01,2026-07-10,661,none,True
AUH-02,2026-07-10,433,none,True
AUH-03,2026-07-10,337,none,True
SHJ-01,2026-07-10,500,none,True
SHJ-02,2026-07-10,367,none,True
AAN-01,2026-07-10,265,none,True
RAK-01,2026-07-10,215,none,True
FUJ-01,2026-07-10,167,none,True
DXB-01,2026-07-11,828,none,True
DXB-02,2026-07-11,626,none,True
DXB-03,2026-07-11,529,none,True
DXB-04,2026-07-11,387,none,True
AUH-01,2026-07-11,612,none,True
AUH-02,2026-07-11,571,none,True
AUH-03,2026-07-11,361,none,True
SHJ-01,2026-07-11,551,none,True
SHJ-02,2026-07-11,349,none,True
AAN-01,2026-07-11,247,none,True
RAK-01,2026-07-11,247,none,True
FUJ-01,2026-07-11,188,none,True
DXB-01,2026-07-12,787,none,False
DXB-02,2026-07-12,565,none,False
DXB-03,2026-07-12,468,none,False
DXB-04,2026-07-12,339,none,False
AUH-01,2026-07-12,571,none,False
AUH-02,2026-07-12,387,none,False
AUH-03,2026-07-12,297,none,False
SHJ-01,2026-07-12,448,none,False
SHJ-02,2026-07-12,329,none,False
AAN-01,2026-07-12,233,none,False
RAK-01,2026-07-12,210,none,False
FUJ-01,2026-07-12,175,none,False
DXB-01,2026-07-13,700,none,False
DXB-02,2026-07-13,679,none,False
DXB-03,2026-07-13,471,none,False
DXB-04,2026-07-13,348,none,False
AUH-01,2026-07-13,569,none,False
AUH-02,2026-07-13,474,none,False
AUH-03,2026-07-13,268,none,False
SHJ-01,2026-07-13,489,none,False
SHJ-02,2026-07-13,292,none,False
AAN-01,2026-07-13,227,none,False
RAK-01,2026-07-13,235,none,False
FUJ-01,2026-07-13,184,none,False
DXB-01,2026-07-14,739,none,False
DXB-02,2026-07-14,602,none,False
DXB-03,2026-07-14,483,none,False
DXB-04,2026-07-14,350,none,False
AUH-01,2026-07-14,524,none,False
AUH-02,2026-07-14,400,none,False
AUH-03,2026-07-14,311,none,False
SHJ-01,2026-07-14,426,none,False
SHJ-02,2026-07-14,327,none,False
AAN-01,2026-07-14,196,none,False
RAK-01,2026-07-14,213,none,False
FUJ-01,2026-07-14,185,none,False
DXB-01,2026-07-15,744,none,False
DXB-02,2026-07-15,690,none,False
DXB-03,2026-07-15,486,none,False
DXB-04,2026-07-15,371,none,False
AUH-01,2026-07-15,580,none,False
AUH-02,2026-07-15,408,none,False
AUH-03,2026-07-15,291,none,False
SHJ-01,2026-07-15,550,none,False
SHJ-02,2026-07-15,338,none,False
AAN-01,2026-07-15,210,none,False
RAK-01,2026-07-15,214,none,False
FUJ-01,2026-07-15,180,none,False
DXB-01,2026-07-16,637,none,False
DXB-02,2026-07-16,699,none,False
DXB-03,2026-07-16,478,none,False
DXB-04,2026-07-16,323,none,False
AUH-01,2026-07-16,625,none,False
AUH-02,2026-07-16,435,none,False
AUH-03,2026-07-16,271,none,False
SHJ-01,2026-07-16,532,none,False
SHJ-02,2026-07-16,374,none,False
AAN-01,2026-07-16,223,none,False
RAK-01,2026-07-16,235,none,False
FUJ-01,2026-07-16,179,none,False
DXB-01,2026-07-17,859,none,True
DXB-02,2026-07-17,706,none,True
DXB-03,2026-07-17,599,none,True
DXB-04,2026-07-17,442,none,True
AUH-01,2026-07-17,668,none,True
AUH-02,2026-07-17,452,none,True
AUH-03,2026-07-17,365,none,True
SHJ-01,2026-07-17,538,none,True
SHJ-02,2026-07-17,367,none,True
AAN-01,2026-07-17,229,none,True
RAK-01,2026-07-17,255,none,True
FUJ-01,2026-07-17,160,none,True
DXB-01,2026-07-18,878,none,True
DXB-02,2026-07-18,718,none,True
DXB-03,2026-07-18,637,none,True
DXB-04,2026-07-18,405,none,True
AUH-01,2026-07-18,707,none,True
AUH-02,2026-07-18,469,none,True
AUH-03,2026-07-18,365,none,True
SHJ-01,2026-07-18,578,none,True
SHJ-02,2026-07-18,400,none,True
AAN-01,2026-07-18,288,none,True
RAK-01,2026-07-18,222,none,True
FUJ-01,2026-07-18,214,none,True
DXB-01,2026-07-19,792,none,False
DXB-02,2026-07-19,675,none,False
DXB-03,2026-07-19,567,none,False
DXB-04,2026-07-19,335,none,False
AUH-01,2026-07-19,496,none,False
AUH-02,2026-07-19,376,none,False
AUH-03,2026-07-19,325,none,False
SHJ-01,2026-07-19,480,none,False
SHJ-02,2026-07-19,357,none,False
AAN-01,2026-07-19,201,none,False
RAK-01,2026-07-19,221,none,False
FUJ-01,2026-07-19,157,none,False
DXB-01,2026-07-20,808,none,False
DXB-02,2026-07-20,801,none,False
DXB-03,2026-07-20,500,none,False
DXB-04,2026-07-20,379,none,False
AUH-01,2026-07-20,541,none,False
AUH-02,2026-07-20,346,none,False
AUH-03,2026-07-20,290,none,False
SHJ-01,2026-07-20,415,none,False
SHJ-02,2026-07-20,308,none,False
AAN-01,2026-07-20,259,none,False
RAK-01,2026-07-20,212,none,False
FUJ-01,2026-07-20,183,none,False
DXB-01,2026-07-21,712,none,False
DXB-02,2026-07-21,628,none,False
DXB-03,2026-07-21,526,none,False
DXB-04,2026-07-21,359,none,False
AUH-01,2026-07-21,594,none,False
AUH-02,2026-07-21,406,none,False
AUH-03,2026-07-21,298,none,False
SHJ-01,2026-07-21,402,none,False
SHJ-02,2026-07-21,291,none,False
AAN-01,2026-07-21,219,none,False
RAK-01,2026-07-21,208,none,False
FUJ-01,2026-07-21,157,none,False
DXB-01,2026-07-22,730,none,False
DXB-02,2026-07-22,641,none,False
DXB-03,2026-07-22,391,none,False
DXB-04,2026-07-22,331,none,False
AUH-01,2026-07-22,588,none,False
AUH-02,2026-07-22,428,none,False
AUH-03,2026-07-22,275,none,False
SHJ-01,2026-07-22,467,none,False
SHJ-02,2026-07-22,387,none,False
AAN-01,2026-07-22,240,none,False
RAK-01,2026-07-22,205,none,False
FUJ-01,2026-07-22,170,none,False
DXB-01,2026-07-23,692,none,False
DXB-02,2026-07-23,666,none,False
DXB-03,2026-07-23,493,none,False
DXB-04,2026-07-23,381,none,False
AUH-01,2026-07-23,574,none,False
AUH-02,2026-07-23,444,none,False
AUH-03,2026-07-23,310,none,False
SHJ-01,2026-07-23,494,none,False
SHJ-02,2026-07-23,383,none,False
AAN-01,2026-07-23,208,none,False
RAK-01,2026-07-23,173,none,False
FUJ-01,2026-07-23,202,none,False
DXB-01,2026-07-24,886,none,True
DXB-02,2026-07-24,638,none,True
DXB-03,2026-07-24,536,none,True
DXB-04,2026-07-24,456,none,True
AUH-01,2026-07-24,654,none,True
AUH-02,2026-07-24,466,none,True
AUH-03,2026-07-24,409,none,True
SHJ-01,2026-07-24,493,none,True
SHJ-02,2026-07-24,389,none,True
AAN-01,2026-07-24,270,none,True
RAK-01,2026-07-24,253,none,True
FUJ-01,2026-07-24,219,none,True
DXB-01,2026-07-25,938,none,True
DXB-02,2026-07-25,768,none,True
DXB-03,2026-07-25,598,none,True
DXB-04,2026-07-25,416,none,True
AUH-01,2026-07-25,675,none,True
AUH-02,2026-07-25,494,none,True
AUH-03,2026-07-25,370,none,True
SHJ-01,2026-07-25,583,none,True
SHJ-02,2026-07-25,440,none,True
AAN-01,2026-07-25,267,none,True
RAK-01,2026-07-25,227,none,True
FUJ-01,2026-07-25,211,none,True
DXB-01,2026-07-26,733,none,False
DXB-02,2026-07-26,651,none,False
DXB-03,2026-07-26,583,none,False
DXB-04,2026-07-26,345,none,False
AUH-01,2026-07-26,591,none,False
AUH-02,2026-07-26,455,none,False
AUH-03,2026-07-26,311,none,False
SHJ-01,2026-07-26,560,none,False
SHJ-02,2026-07-26,344,none,False
AAN-01,2026-07-26,232,none,False
RAK-01,2026-07-26,193,none,False
FUJ-01,2026-07-26,172,none,False
DXB-01,2026-07-27,752,none,False
DXB-02,2026-07-27,689,none,False
DXB-03,2026-07-27,500,none,False
DXB-04,2026-07-27,403,none,False
AUH-01,2026-07-27,565,none,False
AUH-02,2026-07-27,403,none,False
AUH-03,2026-07-27,383,none,False
SHJ-01,2026-07-27,479,none,False
SHJ-02,2026-07-27,333,none,False
AAN-01,2026-07-27,211,none,False
RAK-01,2026-07-27,190,none,False
FUJ-01,2026-07-27,193,none,False
DXB-01,2026-07-28,712,none,False
DXB-02,2026-07-28,648,none,False
DXB-03,2026-07-28,484,none,False
DXB-04,2026-07-28,386,none,False
AUH-01,2026-07-28,526,none,False
AUH-02,2026-07-28,375,none,False
AUH-03,2026-07-28,315,none,False
SHJ-01,2026-07-28,488,none,False
SHJ-02,2026-07-28,367,none,False
AAN-01,2026-07-28,209,none,False
RAK-01,2026-07-28,220,none,False
FUJ-01,2026-07-28,166,none,False
DXB-01,2026-07-29,702,none,False
DXB-02,2026-07-29,587,none,False
DXB-03,2026-07-29,544,none,False
DXB-04,2026-07-29,383,none,False
AUH-01,2026-07-29,601,none,False
AUH-02,2026-07-29,463,none,False
AUH-03,2026-07-29,387,none,False
SHJ-01,2026-07-29,392,none,False
SHJ-02,2026-07-29,333,none,False
AAN-01,2026-07-29,213,none,False
RAK-01,2026-07-29,192,none,False
FUJ-01,2026-07-29,161,none,False
DXB-01,2026-07-30,717,none,False
DXB-02,2026-07-30,572,none,False
DXB-03,2026-07-30,502,none,False
DXB-04,2026-07-30,364,none,False
AUH-01,2026-07-30,595,none,False
AUH-02,2026-07-30,435,none,False
AUH-03,2026-07-30,326,none,False
SHJ-01,2026-07-30,448,none,False
SHJ-02,2026-07-30,425,none,False
AAN-01,2026-07-30,231,none,False
RAK-01,2026-07-30,173,none,False
FUJ-01,2026-07-30,162,none,False
DXB-01,2026-07-31,734,none,True
DXB-02,2026-07-31,759,none,True
DXB-03,2026-07-31,569,none,True
DXB-04,2026-07-31,410,none,True
AUH-01,2026-07-31,796,none,True
AUH-02,2026-07-31,516,none,True
AUH-03,2026-07-31,389,none,True
SHJ-01,2026-07-31,502,none,True
SHJ-02,2026-07-31,383,none,True
AAN-01,2026-07-31,268,none,True
RAK-01,2026-07-31,250,none,True
FUJ-01,2026-07-31,175,none,True
DXB-01,2026-08-01,857,none,True
DXB-02,2026-08-01,760,none,True
DXB-03,2026-08-01,565,none,True
DXB-04,2026-08-01,397,none,True
AUH-01,2026-08-01,642,none,True
AUH-02,2026-08-01,484,none,True
AUH-03,2026-08-01,368,none,True
SHJ-01,2026-08-01,578,none,True
SHJ-02,2026-08-01,463,none,True
AAN-01,2026-08-01,260,none,True
RAK-01,2026-08-01,236,none,True
FUJ-01,2026-08-01,219,none,True
